campaign_name,package_name,package_version
"Sha1-Hulud: The Second Coming",02-echo,0.0.7
"Sha1-Hulud: The Second Coming",@accordproject/concerto-analysis,3.24.1
"Sha1-Hulud: The Second Coming",@accordproject/concerto-linter,3.24.1
"Sha1-Hulud: The Second Coming",@accordproject/concerto-linter-default-ruleset,3.24.1
"Sha1-Hulud: The Second Coming",@accordproject/concerto-metamodel,3.12.5
"Sha1-Hulud: The Second Coming",@accordproject/concerto-types,3.24.1
"Sha1-Hulud: The Second Coming",@accordproject/markdown-it-cicero,0.16.26
"Sha1-Hulud: The Second Coming",@accordproject/template-engine,2.7.2
"Sha1-Hulud: The Second Coming",@actbase/css-to-react-native-transform,1.0.3
"Sha1-Hulud: The Second Coming",@actbase/native,0.1.32
"Sha1-Hulud: The Second Coming",@actbase/node-server,1.1.19
"Sha1-Hulud: The Second Coming",@actbase/react-absolute,0.8.3
"Sha1-Hulud: The Second Coming",@actbase/react-daum-postcode,1.0.5
"Sha1-Hulud: The Second Coming",@actbase/react-kakaosdk,0.9.27
"Sha1-Hulud: The Second Coming",@actbase/react-native-actionsheet,1.0.3
"Sha1-Hulud: The Second Coming",@actbase/react-native-devtools,0.1.3
"Sha1-Hulud: The Second Coming",@actbase/react-native-fast-image,8.5.13
"Sha1-Hulud: The Second Coming",@actbase/react-native-kakao-channel,1.0.2
"Sha1-Hulud: The Second Coming",@actbase/react-native-kakao-navi,2.0.4
"Sha1-Hulud: The Second Coming",@actbase/react-native-less-transformer,1.0.6
"Sha1-Hulud: The Second Coming",@actbase/react-native-naver-login,1.0.1
"Sha1-Hulud: The Second Coming",@actbase/react-native-simple-video,1.0.13
"Sha1-Hulud: The Second Coming",@actbase/react-native-tiktok,1.1.3
"Sha1-Hulud: The Second Coming",@afetcan/api,0.0.13
"Sha1-Hulud: The Second Coming",@afetcan/storage,0.0.27
"Sha1-Hulud: The Second Coming",@alaan/s2s-auth,2.0.3
"Sha1-Hulud: The Second Coming",@alexadark/amadeus-api,1.0.4
"Sha1-Hulud: The Second Coming",@alexadark/gatsby-theme-events,1.0.1
"Sha1-Hulud: The Second Coming",@alexadark/gatsby-theme-wordpress-blog,2.0.1
"Sha1-Hulud: The Second Coming",@alexadark/reusable-functions,1.5.1
"Sha1-Hulud: The Second Coming",@alexcolls/nuxt-socket.io,0.0.7
"Sha1-Hulud: The Second Coming",@alexcolls/nuxt-socket.io,0.0.8
"Sha1-Hulud: The Second Coming",@alexcolls/nuxt-ux,0.6.1
"Sha1-Hulud: The Second Coming",@alexcolls/nuxt-ux,0.6.2
"Sha1-Hulud: The Second Coming",@antstackio/eslint-config-antstack,0.0.3
"Sha1-Hulud: The Second Coming",@antstackio/express-graphql-proxy,0.2.8
"Sha1-Hulud: The Second Coming",@antstackio/graphql-body-parser,0.1.1
"Sha1-Hulud: The Second Coming",@antstackio/json-to-graphql,1.0.3
"Sha1-Hulud: The Second Coming",@antstackio/shelbysam,1.1.7
"Sha1-Hulud: The Second Coming",@aryanhussain/my-angular-lib,0.0.23
"Sha1-Hulud: The Second Coming",@asyncapi/avro-schema-parser,3.0.25
"Sha1-Hulud: The Second Coming",@asyncapi/avro-schema-parser,3.0.26
"Sha1-Hulud: The Second Coming",@asyncapi/bundler,0.6.5
"Sha1-Hulud: The Second Coming",@asyncapi/bundler,0.6.6
"Sha1-Hulud: The Second Coming",@asyncapi/cli,4.1.2
"Sha1-Hulud: The Second Coming",@asyncapi/cli,4.1.3
"Sha1-Hulud: The Second Coming",@asyncapi/converter,1.6.3
"Sha1-Hulud: The Second Coming",@asyncapi/converter,1.6.4
"Sha1-Hulud: The Second Coming",@asyncapi/diff,0.5.1
"Sha1-Hulud: The Second Coming",@asyncapi/diff,0.5.2
"Sha1-Hulud: The Second Coming",@asyncapi/dotnet-rabbitmq-template,1.0.1
"Sha1-Hulud: The Second Coming",@asyncapi/dotnet-rabbitmq-template,1.0.2
"Sha1-Hulud: The Second Coming",@asyncapi/edavisualiser,1.2.1
"Sha1-Hulud: The Second Coming",@asyncapi/edavisualiser,1.2.2
"Sha1-Hulud: The Second Coming",@asyncapi/generator,2.8.5
"Sha1-Hulud: The Second Coming",@asyncapi/generator,2.8.6
"Sha1-Hulud: The Second Coming",@asyncapi/generator-components,0.3.2
"Sha1-Hulud: The Second Coming",@asyncapi/generator-components,0.3.3
"Sha1-Hulud: The Second Coming",@asyncapi/generator-helpers,0.2.1
"Sha1-Hulud: The Second Coming",@asyncapi/generator-helpers,0.2.2
"Sha1-Hulud: The Second Coming",@asyncapi/generator-react-sdk,1.1.4
"Sha1-Hulud: The Second Coming",@asyncapi/generator-react-sdk,1.1.5
"Sha1-Hulud: The Second Coming",@asyncapi/go-watermill-template,0.2.76
"Sha1-Hulud: The Second Coming",@asyncapi/go-watermill-template,0.2.77
"Sha1-Hulud: The Second Coming",@asyncapi/html-template,3.3.2
"Sha1-Hulud: The Second Coming",@asyncapi/html-template,3.3.3
"Sha1-Hulud: The Second Coming",@asyncapi/java-spring-cloud-stream-template,0.13.5
"Sha1-Hulud: The Second Coming",@asyncapi/java-spring-cloud-stream-template,0.13.6
"Sha1-Hulud: The Second Coming",@asyncapi/java-spring-template,1.6.1
"Sha1-Hulud: The Second Coming",@asyncapi/java-spring-template,1.6.2
"Sha1-Hulud: The Second Coming",@asyncapi/java-template,0.3.5
"Sha1-Hulud: The Second Coming",@asyncapi/java-template,0.3.6
"Sha1-Hulud: The Second Coming",@asyncapi/keeper,0.0.2
"Sha1-Hulud: The Second Coming",@asyncapi/keeper,0.0.3
"Sha1-Hulud: The Second Coming",@asyncapi/markdown-template,1.6.8
"Sha1-Hulud: The Second Coming",@asyncapi/markdown-template,1.6.9
"Sha1-Hulud: The Second Coming",@asyncapi/modelina,5.10.3
"Sha1-Hulud: The Second Coming",@asyncapi/modelina-cli,5.10.2
"Sha1-Hulud: The Second Coming",@asyncapi/modelina-cli,5.10.3
"Sha1-Hulud: The Second Coming",@asyncapi/multi-parser,2.2.1
"Sha1-Hulud: The Second Coming",@asyncapi/multi-parser,2.2.2
"Sha1-Hulud: The Second Coming",@asyncapi/nodejs-template,3.0.5
"Sha1-Hulud: The Second Coming",@asyncapi/nodejs-template,3.0.6
"Sha1-Hulud: The Second Coming",@asyncapi/nodejs-ws-template,0.10.1
"Sha1-Hulud: The Second Coming",@asyncapi/nodejs-ws-template,0.10.2
"Sha1-Hulud: The Second Coming",@asyncapi/nunjucks-filters,2.1.1
"Sha1-Hulud: The Second Coming",@asyncapi/nunjucks-filters,2.1.2
"Sha1-Hulud: The Second Coming",@asyncapi/openapi-schema-parser,3.0.25
"Sha1-Hulud: The Second Coming",@asyncapi/openapi-schema-parser,3.0.26
"Sha1-Hulud: The Second Coming",@asyncapi/optimizer,1.0.5
"Sha1-Hulud: The Second Coming",@asyncapi/optimizer,1.0.6
"Sha1-Hulud: The Second Coming",@asyncapi/parser,3.4.1
"Sha1-Hulud: The Second Coming",@asyncapi/parser,3.4.2
"Sha1-Hulud: The Second Coming",@asyncapi/php-template,0.1.1
"Sha1-Hulud: The Second Coming",@asyncapi/php-template,0.1.2
"Sha1-Hulud: The Second Coming",@asyncapi/problem,1.0.1
"Sha1-Hulud: The Second Coming",@asyncapi/problem,1.0.2
"Sha1-Hulud: The Second Coming",@asyncapi/protobuf-schema-parser,3.5.2
"Sha1-Hulud: The Second Coming",@asyncapi/protobuf-schema-parser,3.5.3
"Sha1-Hulud: The Second Coming",@asyncapi/protobuf-schema-parser,3.6.1
"Sha1-Hulud: The Second Coming",@asyncapi/python-paho-template,0.2.14
"Sha1-Hulud: The Second Coming",@asyncapi/python-paho-template,0.2.15
"Sha1-Hulud: The Second Coming",@asyncapi/react-component,2.6.6
"Sha1-Hulud: The Second Coming",@asyncapi/react-component,2.6.7
"Sha1-Hulud: The Second Coming",@asyncapi/server-api,0.16.24
"Sha1-Hulud: The Second Coming",@asyncapi/server-api,0.16.25
"Sha1-Hulud: The Second Coming",@asyncapi/specs,6.8.3
"Sha1-Hulud: The Second Coming",@asyncapi/specs,6.9.1
"Sha1-Hulud: The Second Coming",@asyncapi/studio,1.0.2
"Sha1-Hulud: The Second Coming",@asyncapi/studio,1.0.3
"Sha1-Hulud: The Second Coming",@asyncapi/web-component,2.6.6
"Sha1-Hulud: The Second Coming",@asyncapi/web-component,2.6.7
"Sha1-Hulud: The Second Coming",@bdkinc/knex-ibmi,0.5.7
"Sha1-Hulud: The Second Coming",@browserbasehq/bb9,1.2.21
"Sha1-Hulud: The Second Coming",@browserbasehq/director-ai,1.0.3
"Sha1-Hulud: The Second Coming",@browserbasehq/mcp,2.1.1
"Sha1-Hulud: The Second Coming",@browserbasehq/mcp-server-browserbase,2.4.2
"Sha1-Hulud: The Second Coming",@browserbasehq/sdk-functions,0.0.4
"Sha1-Hulud: The Second Coming",@browserbasehq/stagehand,3.0.4
"Sha1-Hulud: The Second Coming",@browserbasehq/stagehand-docs,1.0.1
"Sha1-Hulud: The Second Coming",@caretive/caret-cli,0.0.2
"Sha1-Hulud: The Second Coming",@chtijs/eslint-config,1.0.1
"Sha1-Hulud: The Second Coming",@clausehq/flows-step-httprequest,0.1.14
"Sha1-Hulud: The Second Coming",@clausehq/flows-step-jsontoxml,0.1.14
"Sha1-Hulud: The Second Coming",@clausehq/flows-step-mqtt,0.1.14
"Sha1-Hulud: The Second Coming",@clausehq/flows-step-sendgridemail,0.1.14
"Sha1-Hulud: The Second Coming",@clausehq/flows-step-taskscreateurl,0.1.14
"Sha1-Hulud: The Second Coming",@cllbk/ghl,1.3.1
"Sha1-Hulud: The Second Coming",@commute/bloom,1.0.3
"Sha1-Hulud: The Second Coming",@commute/market-data,1.0.2
"Sha1-Hulud: The Second Coming",@commute/market-data-chartjs,2.3.1
"Sha1-Hulud: The Second Coming",@dev-blinq/ai-qa-logic,1.0.19
"Sha1-Hulud: The Second Coming",@dev-blinq/blinqioclient,1.0.21
"Sha1-Hulud: The Second Coming",@dev-blinq/cucumber-js,1.0.131
"Sha1-Hulud: The Second Coming",@dev-blinq/cucumber_client,1.0.738
"Sha1-Hulud: The Second Coming",@dev-blinq/ui-systems,1.0.93
"Sha1-Hulud: The Second Coming",@ensdomains/address-encoder,1.1.5
"Sha1-Hulud: The Second Coming",@ensdomains/blacklist,1.0.1
"Sha1-Hulud: The Second Coming",@ensdomains/buffer,0.1.2
"Sha1-Hulud: The Second Coming",@ensdomains/ccip-read-cf-worker,0.0.4
"Sha1-Hulud: The Second Coming",@ensdomains/ccip-read-dns-gateway,0.1.1
"Sha1-Hulud: The Second Coming",@ensdomains/ccip-read-router,0.0.7
"Sha1-Hulud: The Second Coming",@ensdomains/ccip-read-worker-viem,0.0.4
"Sha1-Hulud: The Second Coming",@ensdomains/content-hash,3.0.1
"Sha1-Hulud: The Second Coming",@ensdomains/curvearithmetics,1.0.1
"Sha1-Hulud: The Second Coming",@ensdomains/cypress-metamask,1.2.1
"Sha1-Hulud: The Second Coming",@ensdomains/dnsprovejs,0.5.3
"Sha1-Hulud: The Second Coming",@ensdomains/dnssec-oracle-anchors,0.0.2
"Sha1-Hulud: The Second Coming",@ensdomains/dnssecoraclejs,0.2.9
"Sha1-Hulud: The Second Coming",@ensdomains/durin,0.1.2
"Sha1-Hulud: The Second Coming",@ensdomains/durin-middleware,0.0.2
"Sha1-Hulud: The Second Coming",@ensdomains/ens-archived-contracts,0.0.3
"Sha1-Hulud: The Second Coming",@ensdomains/ens-avatar,1.0.4
"Sha1-Hulud: The Second Coming",@ensdomains/ens-contracts,1.6.1
"Sha1-Hulud: The Second Coming",@ensdomains/ens-test-env,1.0.2
"Sha1-Hulud: The Second Coming",@ensdomains/ens-validation,0.1.1
"Sha1-Hulud: The Second Coming",@ensdomains/ensjs,4.0.3
"Sha1-Hulud: The Second Coming",@ensdomains/ensjs-react,0.0.5
"Sha1-Hulud: The Second Coming",@ensdomains/eth-ens-namehash,2.0.16
"Sha1-Hulud: The Second Coming",@ensdomains/hackathon-registrar,1.0.5
"Sha1-Hulud: The Second Coming",@ensdomains/hardhat-chai-matchers-viem,0.1.15
"Sha1-Hulud: The Second Coming",@ensdomains/hardhat-toolbox-viem-extended,0.0.6
"Sha1-Hulud: The Second Coming",@ensdomains/mock,2.1.52
"Sha1-Hulud: The Second Coming",@ensdomains/name-wrapper,1.0.1
"Sha1-Hulud: The Second Coming",@ensdomains/offchain-resolver-contracts,0.2.2
"Sha1-Hulud: The Second Coming",@ensdomains/op-resolver-contracts,0.0.2
"Sha1-Hulud: The Second Coming",@ensdomains/react-ens-address,0.0.32
"Sha1-Hulud: The Second Coming",@ensdomains/renewal,0.0.13
"Sha1-Hulud: The Second Coming",@ensdomains/renewal-widget,0.1.10
"Sha1-Hulud: The Second Coming",@ensdomains/reverse-records,1.0.1
"Sha1-Hulud: The Second Coming",@ensdomains/server-analytics,0.0.2
"Sha1-Hulud: The Second Coming",@ensdomains/solsha1,0.0.4
"Sha1-Hulud: The Second Coming",@ensdomains/subdomain-registrar,0.2.4
"Sha1-Hulud: The Second Coming",@ensdomains/test-utils,1.3.1
"Sha1-Hulud: The Second Coming",@ensdomains/thorin,0.6.51
"Sha1-Hulud: The Second Coming",@ensdomains/ui,3.4.6
"Sha1-Hulud: The Second Coming",@ensdomains/unicode-confusables,0.1.1
"Sha1-Hulud: The Second Coming",@ensdomains/unruggable-gateways,0.0.3
"Sha1-Hulud: The Second Coming",@ensdomains/vite-plugin-i18next-loader,4.0.4
"Sha1-Hulud: The Second Coming",@ensdomains/web3modal,1.10.2
"Sha1-Hulud: The Second Coming",@everreal/react-charts,2.0.2
"Sha1-Hulud: The Second Coming",@everreal/validate-esmoduleinterop-imports,1.4.4
"Sha1-Hulud: The Second Coming",@everreal/validate-esmoduleinterop-imports,1.4.5
"Sha1-Hulud: The Second Coming",@everreal/web-analytics,0.0.2
"Sha1-Hulud: The Second Coming",@faq-component/core,0.0.4
"Sha1-Hulud: The Second Coming",@faq-component/react,1.0.1
"Sha1-Hulud: The Second Coming",@fishingbooker/browser-sync-plugin,1.0.5
"Sha1-Hulud: The Second Coming",@fishingbooker/react-loader,1.0.7
"Sha1-Hulud: The Second Coming",@fishingbooker/react-pagination,2.0.6
"Sha1-Hulud: The Second Coming",@fishingbooker/react-raty,2.0.1
"Sha1-Hulud: The Second Coming",@fishingbooker/react-swiper,0.1.5
"Sha1-Hulud: The Second Coming",@hapheus/n8n-nodes-pgp,1.5.1
"Sha1-Hulud: The Second Coming",@hover-design/core,0.0.1
"Sha1-Hulud: The Second Coming",@hover-design/react,0.2.1
"Sha1-Hulud: The Second Coming",@huntersofbook/auth-vue,0.4.2
"Sha1-Hulud: The Second Coming",@huntersofbook/core,0.5.1
"Sha1-Hulud: The Second Coming",@huntersofbook/core-nuxt,0.4.2
"Sha1-Hulud: The Second Coming",@huntersofbook/form-naiveui,0.5.1
"Sha1-Hulud: The Second Coming",@huntersofbook/i18n,0.8.2
"Sha1-Hulud: The Second Coming",@huntersofbook/ui,0.5.1
"Sha1-Hulud: The Second Coming",@hyperlook/telemetry-sdk,1.0.19
"Sha1-Hulud: The Second Coming",@ifelsedeveloper/protocol-contracts-svm-idl,0.1.2
"Sha1-Hulud: The Second Coming",@ifelsedeveloper/protocol-contracts-svm-idl,0.1.3
"Sha1-Hulud: The Second Coming",@ifings/design-system,4.9.2
"Sha1-Hulud: The Second Coming",@ifings/metatron3,0.1.5
"Sha1-Hulud: The Second Coming",@jayeshsadhwani/telemetry-sdk,1.0.14
"Sha1-Hulud: The Second Coming",@kvytech/cli,0.0.7
"Sha1-Hulud: The Second Coming",@kvytech/components,0.0.2
"Sha1-Hulud: The Second Coming",@kvytech/habbit-e2e-test,0.0.2
"Sha1-Hulud: The Second Coming",@kvytech/medusa-plugin-announcement,0.0.8
"Sha1-Hulud: The Second Coming",@kvytech/medusa-plugin-management,0.0.5
"Sha1-Hulud: The Second Coming",@kvytech/medusa-plugin-newsletter,0.0.5
"Sha1-Hulud: The Second Coming",@kvytech/medusa-plugin-product-reviews,0.0.9
"Sha1-Hulud: The Second Coming",@kvytech/medusa-plugin-promotion,0.0.2
"Sha1-Hulud: The Second Coming",@kvytech/web,0.0.2
"Sha1-Hulud: The Second Coming",@lessondesk/api-client,9.12.2
"Sha1-Hulud: The Second Coming",@lessondesk/api-client,9.12.3
"Sha1-Hulud: The Second Coming",@lessondesk/babel-preset,1.0.1
"Sha1-Hulud: The Second Coming",@lessondesk/electron-group-api-client,1.0.3
"Sha1-Hulud: The Second Coming",@lessondesk/eslint-config,1.4.2
"Sha1-Hulud: The Second Coming",@lessondesk/material-icons,1.0.3
"Sha1-Hulud: The Second Coming",@lessondesk/react-table-context,2.0.4
"Sha1-Hulud: The Second Coming",@lessondesk/schoolbus,5.2.2
"Sha1-Hulud: The Second Coming",@lessondesk/schoolbus,5.2.3
"Sha1-Hulud: The Second Coming",@livecms/live-edit,0.0.32
"Sha1-Hulud: The Second Coming",@livecms/nuxt-live-edit,1.9.2
"Sha1-Hulud: The Second Coming",@lokeswari-satyanarayanan/rn-zustand-expo-template,1.0.9
"Sha1-Hulud: The Second Coming",@louisle2/core,1.0.1
"Sha1-Hulud: The Second Coming",@louisle2/cortex-js,0.1.6
"Sha1-Hulud: The Second Coming",@lpdjs/firestore-repo-service,1.0.1
"Sha1-Hulud: The Second Coming",@lui-ui/lui-nuxt,0.1.1
"Sha1-Hulud: The Second Coming",@lui-ui/lui-tailwindcss,0.1.2
"Sha1-Hulud: The Second Coming",@lui-ui/lui-vue,1.0.13
"Sha1-Hulud: The Second Coming",@markvivanco/app-version-checker,1.0.2
"Sha1-Hulud: The Second Coming",@mcp-use/cli,2.2.6
"Sha1-Hulud: The Second Coming",@mcp-use/cli,2.2.7
"Sha1-Hulud: The Second Coming",@mcp-use/inspector,0.6.2
"Sha1-Hulud: The Second Coming",@mcp-use/inspector,0.6.3
"Sha1-Hulud: The Second Coming",@mcp-use/mcp-use,1.0.1
"Sha1-Hulud: The Second Coming",@mcp-use/mcp-use,1.0.2
"Sha1-Hulud: The Second Coming",@micado-digital/stadtmarketing-kufstein-external,1.9.1
"Sha1-Hulud: The Second Coming",@mizzle-dev/orm,0.0.2
"Sha1-Hulud: The Second Coming",@ntnx/passport-wso2,0.0.3
"Sha1-Hulud: The Second Coming",@ntnx/t,0.0.101
"Sha1-Hulud: The Second Coming",@oku-ui/accordion,0.6.2
"Sha1-Hulud: The Second Coming",@oku-ui/alert-dialog,0.6.2
"Sha1-Hulud: The Second Coming",@oku-ui/arrow,0.6.2
"Sha1-Hulud: The Second Coming",@oku-ui/aspect-ratio,0.6.2
"Sha1-Hulud: The Second Coming",@oku-ui/avatar,0.6.2
"Sha1-Hulud: The Second Coming",@oku-ui/checkbox,0.6.3
"Sha1-Hulud: The Second Coming",@oku-ui/collapsible,0.6.2
"Sha1-Hulud: The Second Coming",@oku-ui/collection,0.6.2
"Sha1-Hulud: The Second Coming",@oku-ui/dialog,0.6.2
"Sha1-Hulud: The Second Coming",@oku-ui/direction,0.6.2
"Sha1-Hulud: The Second Coming",@oku-ui/dismissable-layer,0.6.2
"Sha1-Hulud: The Second Coming",@oku-ui/focus-guards,0.6.2
"Sha1-Hulud: The Second Coming",@oku-ui/focus-scope,0.6.2
"Sha1-Hulud: The Second Coming",@oku-ui/hover-card,0.6.2
"Sha1-Hulud: The Second Coming",@oku-ui/label,0.6.2
"Sha1-Hulud: The Second Coming",@oku-ui/menu,0.6.2
"Sha1-Hulud: The Second Coming",@oku-ui/motion,0.4.4
"Sha1-Hulud: The Second Coming",@oku-ui/motion-nuxt,0.2.2
"Sha1-Hulud: The Second Coming",@oku-ui/popover,0.6.2
"Sha1-Hulud: The Second Coming",@oku-ui/popper,0.6.2
"Sha1-Hulud: The Second Coming",@oku-ui/portal,0.6.2
"Sha1-Hulud: The Second Coming",@oku-ui/presence,0.6.2
"Sha1-Hulud: The Second Coming",@oku-ui/primitive,0.6.2
"Sha1-Hulud: The Second Coming",@oku-ui/primitives,0.7.9
"Sha1-Hulud: The Second Coming",@oku-ui/primitives-nuxt,0.3.1
"Sha1-Hulud: The Second Coming",@oku-ui/progress,0.6.2
"Sha1-Hulud: The Second Coming",@oku-ui/provide,0.6.2
"Sha1-Hulud: The Second Coming",@oku-ui/radio-group,0.6.2
"Sha1-Hulud: The Second Coming",@oku-ui/roving-focus,0.6.2
"Sha1-Hulud: The Second Coming",@oku-ui/scroll-area,0.6.2
"Sha1-Hulud: The Second Coming",@oku-ui/separator,0.6.2
"Sha1-Hulud: The Second Coming",@oku-ui/slider,0.6.2
"Sha1-Hulud: The Second Coming",@oku-ui/slot,0.6.2
"Sha1-Hulud: The Second Coming",@oku-ui/switch,0.6.2
"Sha1-Hulud: The Second Coming",@oku-ui/tabs,0.6.2
"Sha1-Hulud: The Second Coming",@oku-ui/toast,0.6.2
"Sha1-Hulud: The Second Coming",@oku-ui/toggle,0.6.2
"Sha1-Hulud: The Second Coming",@oku-ui/toggle-group,0.6.2
"Sha1-Hulud: The Second Coming",@oku-ui/toolbar,0.6.2
"Sha1-Hulud: The Second Coming",@oku-ui/tooltip,0.6.2
"Sha1-Hulud: The Second Coming",@oku-ui/use-composable,0.6.2
"Sha1-Hulud: The Second Coming",@oku-ui/utils,0.6.2
"Sha1-Hulud: The Second Coming",@oku-ui/visually-hidden,0.6.2
"Sha1-Hulud: The Second Coming",@orbitgtbelgium/mapbox-gl-draw-cut-polygon-mode,2.0.5
"Sha1-Hulud: The Second Coming",@orbitgtbelgium/mapbox-gl-draw-scale-rotate-mode,1.1.1
"Sha1-Hulud: The Second Coming",@orbitgtbelgium/orbit-components,1.2.9
"Sha1-Hulud: The Second Coming",@orbitgtbelgium/time-slider,1.0.187
"Sha1-Hulud: The Second Coming",@osmanekrem/bmad,1.0.6
"Sha1-Hulud: The Second Coming",@osmanekrem/error-handler,1.2.2
"Sha1-Hulud: The Second Coming",@pergel/cli,0.11.1
"Sha1-Hulud: The Second Coming",@pergel/module-box,0.6.1
"Sha1-Hulud: The Second Coming",@pergel/module-graphql,0.6.1
"Sha1-Hulud: The Second Coming",@pergel/module-ui,0.0.9
"Sha1-Hulud: The Second Coming",@pergel/nuxt,0.25.5
"Sha1-Hulud: The Second Coming",@posthog/agent,1.24.1
"Sha1-Hulud: The Second Coming",@posthog/ai,7.1.2
"Sha1-Hulud: The Second Coming",@posthog/automatic-cohorts-plugin,0.0.8
"Sha1-Hulud: The Second Coming",@posthog/bitbucket-release-tracker,0.0.8
"Sha1-Hulud: The Second Coming",@posthog/cli,0.5.15
"Sha1-Hulud: The Second Coming",@posthog/clickhouse,1.7.1
"Sha1-Hulud: The Second Coming",@posthog/core,1.5.6
"Sha1-Hulud: The Second Coming",@posthog/currency-normalization-plugin,0.0.8
"Sha1-Hulud: The Second Coming",@posthog/customerio-plugin,0.0.8
"Sha1-Hulud: The Second Coming",@posthog/databricks-plugin,0.0.8
"Sha1-Hulud: The Second Coming",@posthog/drop-events-on-property-plugin,0.0.8
"Sha1-Hulud: The Second Coming",@posthog/event-sequence-timer-plugin,0.0.8
"Sha1-Hulud: The Second Coming",@posthog/filter-out-plugin,0.0.8
"Sha1-Hulud: The Second Coming",@posthog/first-time-event-tracker,0.0.8
"Sha1-Hulud: The Second Coming",@posthog/geoip-plugin,0.0.8
"Sha1-Hulud: The Second Coming",@posthog/github-release-tracking-plugin,0.0.8
"Sha1-Hulud: The Second Coming",@posthog/gitub-star-sync-plugin,0.0.8
"Sha1-Hulud: The Second Coming",@posthog/heartbeat-plugin,0.0.8
"Sha1-Hulud: The Second Coming",@posthog/hedgehog-mode,0.0.42
"Sha1-Hulud: The Second Coming",@posthog/icons,0.36.1
"Sha1-Hulud: The Second Coming",@posthog/ingestion-alert-plugin,0.0.8
"Sha1-Hulud: The Second Coming",@posthog/intercom-plugin,0.0.8
"Sha1-Hulud: The Second Coming",@posthog/kinesis-plugin,0.0.8
"Sha1-Hulud: The Second Coming",@posthog/laudspeaker-plugin,0.0.8
"Sha1-Hulud: The Second Coming",@posthog/lemon-ui,0.0.1
"Sha1-Hulud: The Second Coming",@posthog/maxmind-plugin,0.1.6
"Sha1-Hulud: The Second Coming",@posthog/migrator3000-plugin,0.0.8
"Sha1-Hulud: The Second Coming",@posthog/netdata-event-processing,0.0.8
"Sha1-Hulud: The Second Coming",@posthog/nextjs,0.0.3
"Sha1-Hulud: The Second Coming",@posthog/nextjs-config,1.5.1
"Sha1-Hulud: The Second Coming",@posthog/nuxt,1.2.9
"Sha1-Hulud: The Second Coming",@posthog/pagerduty-plugin,0.0.8
"Sha1-Hulud: The Second Coming",@posthog/piscina,3.2.1
"Sha1-Hulud: The Second Coming",@posthog/plugin-contrib,0.0.6
"Sha1-Hulud: The Second Coming",@posthog/plugin-server,1.10.8
"Sha1-Hulud: The Second Coming",@posthog/plugin-unduplicates,0.0.8
"Sha1-Hulud: The Second Coming",@posthog/postgres-plugin,0.0.8
"Sha1-Hulud: The Second Coming",@posthog/react-rrweb-player,1.1.4
"Sha1-Hulud: The Second Coming",@posthog/rrdom,0.0.31
"Sha1-Hulud: The Second Coming",@posthog/rrweb,0.0.31
"Sha1-Hulud: The Second Coming",@posthog/rrweb-player,0.0.31
"Sha1-Hulud: The Second Coming",@posthog/rrweb-record,0.0.31
"Sha1-Hulud: The Second Coming",@posthog/rrweb-replay,0.0.19
"Sha1-Hulud: The Second Coming",@posthog/rrweb-snapshot,0.0.31
"Sha1-Hulud: The Second Coming",@posthog/rrweb-utils,0.0.31
"Sha1-Hulud: The Second Coming",@posthog/sendgrid-plugin,0.0.8
"Sha1-Hulud: The Second Coming",@posthog/siphash,1.1.2
"Sha1-Hulud: The Second Coming",@posthog/snowflake-export-plugin,0.0.8
"Sha1-Hulud: The Second Coming",@posthog/taxonomy-plugin,0.0.8
"Sha1-Hulud: The Second Coming",@posthog/twilio-plugin,0.0.8
"Sha1-Hulud: The Second Coming",@posthog/twitter-followers-plugin,0.0.8
"Sha1-Hulud: The Second Coming",@posthog/url-normalizer-plugin,0.0.8
"Sha1-Hulud: The Second Coming",@posthog/variance-plugin,0.0.8
"Sha1-Hulud: The Second Coming",@posthog/web-dev-server,1.0.5
"Sha1-Hulud: The Second Coming",@posthog/wizard,1.18.1
"Sha1-Hulud: The Second Coming",@posthog/zendesk-plugin,0.0.8
"Sha1-Hulud: The Second Coming",@postman/csv-parse,4.0.3
"Sha1-Hulud: The Second Coming",@postman/csv-parse,4.0.5
"Sha1-Hulud: The Second Coming",@postman/final-node-keytar,7.9.1
"Sha1-Hulud: The Second Coming",@postman/final-node-keytar,7.9.2
"Sha1-Hulud: The Second Coming",@postman/final-node-keytar,7.9.3
"Sha1-Hulud: The Second Coming",@postman/mcp-ui-client,5.5.1
"Sha1-Hulud: The Second Coming",@postman/mcp-ui-client,5.5.3
"Sha1-Hulud: The Second Coming",@postman/node-keytar,7.9.4
"Sha1-Hulud: The Second Coming",@postman/node-keytar,7.9.6
"Sha1-Hulud: The Second Coming",@postman/pm-bin-linux-x64,1.24.3
"Sha1-Hulud: The Second Coming",@postman/pm-bin-linux-x64,1.24.4
"Sha1-Hulud: The Second Coming",@postman/pm-bin-linux-x64,1.24.5
"Sha1-Hulud: The Second Coming",@postman/pm-bin-macos-arm64,1.24.3
"Sha1-Hulud: The Second Coming",@postman/pm-bin-macos-arm64,1.24.5
"Sha1-Hulud: The Second Coming",@postman/pm-bin-macos-x64,1.24.3
"Sha1-Hulud: The Second Coming",@postman/pm-bin-macos-x64,1.24.5
"Sha1-Hulud: The Second Coming",@postman/pm-bin-windows-x64,1.24.3
"Sha1-Hulud: The Second Coming",@postman/pm-bin-windows-x64,1.24.5
"Sha1-Hulud: The Second Coming",@postman/postman-collection-fork,4.3.3
"Sha1-Hulud: The Second Coming",@postman/postman-collection-fork,4.3.5
"Sha1-Hulud: The Second Coming",@postman/postman-mcp-cli,1.0.3
"Sha1-Hulud: The Second Coming",@postman/postman-mcp-cli,1.0.4
"Sha1-Hulud: The Second Coming",@postman/postman-mcp-cli,1.0.5
"Sha1-Hulud: The Second Coming",@postman/postman-mcp-server,2.4.10
"Sha1-Hulud: The Second Coming",@postman/postman-mcp-server,2.4.12
"Sha1-Hulud: The Second Coming",@postman/pretty-ms,6.1.1
"Sha1-Hulud: The Second Coming",@postman/pretty-ms,6.1.2
"Sha1-Hulud: The Second Coming",@postman/pretty-ms,6.1.3
"Sha1-Hulud: The Second Coming",@postman/secret-scanner-wasm,2.1.3
"Sha1-Hulud: The Second Coming",@postman/secret-scanner-wasm,2.1.4
"Sha1-Hulud: The Second Coming",@postman/tunnel-agent,0.6.5
"Sha1-Hulud: The Second Coming",@postman/tunnel-agent,0.6.6
"Sha1-Hulud: The Second Coming",@postman/tunnel-agent,0.6.7
"Sha1-Hulud: The Second Coming",@postman/wdio-allure-reporter,0.0.7
"Sha1-Hulud: The Second Coming",@postman/wdio-allure-reporter,0.0.9
"Sha1-Hulud: The Second Coming",@postman/wdio-junit-reporter,0.0.4
"Sha1-Hulud: The Second Coming",@postman/wdio-junit-reporter,0.0.5
"Sha1-Hulud: The Second Coming",@postman/wdio-junit-reporter,0.0.6
"Sha1-Hulud: The Second Coming",@pradhumngautam/common-app,1.0.2
"Sha1-Hulud: The Second Coming",@productdevbook/animejs-vue,0.2.1
"Sha1-Hulud: The Second Coming",@productdevbook/auth,0.2.2
"Sha1-Hulud: The Second Coming",@productdevbook/chatwoot,2.0.1
"Sha1-Hulud: The Second Coming",@productdevbook/motion,1.0.4
"Sha1-Hulud: The Second Coming",@productdevbook/ts-i18n,1.4.2
"Sha1-Hulud: The Second Coming",@pruthvi21/use-debounce,1.0.3
"Sha1-Hulud: The Second Coming",@quick-start-soft/quick-document-translator,1.4.2511142126
"Sha1-Hulud: The Second Coming",@quick-start-soft/quick-git-clean-markdown,1.4.2511142126
"Sha1-Hulud: The Second Coming",@quick-start-soft/quick-markdown,1.4.2511142126
"Sha1-Hulud: The Second Coming",@quick-start-soft/quick-markdown-compose,1.4.2506300029
"Sha1-Hulud: The Second Coming",@quick-start-soft/quick-markdown-image,1.4.2511142126
"Sha1-Hulud: The Second Coming",@quick-start-soft/quick-markdown-print,1.4.2511142126
"Sha1-Hulud: The Second Coming",@quick-start-soft/quick-markdown-translator,1.4.2509202331
"Sha1-Hulud: The Second Coming",@quick-start-soft/quick-remove-image-background,1.4.2511142126
"Sha1-Hulud: The Second Coming",@quick-start-soft/quick-task-refine,1.4.2511142126
"Sha1-Hulud: The Second Coming",@relyt/claude-context-core,0.1.1
"Sha1-Hulud: The Second Coming",@relyt/claude-context-mcp,0.1.1
"Sha1-Hulud: The Second Coming",@sameepsi/sor,1.0.3
"Sha1-Hulud: The Second Coming",@sameepsi/sor2,2.0.2
"Sha1-Hulud: The Second Coming",@seezo/sdr-mcp-server,0.0.5
"Sha1-Hulud: The Second Coming",@seung-ju/next,0.0.2
"Sha1-Hulud: The Second Coming",@seung-ju/openapi-generator,0.0.4
"Sha1-Hulud: The Second Coming",@seung-ju/react-hooks,0.0.2
"Sha1-Hulud: The Second Coming",@seung-ju/react-native-action-sheet,0.2.1
"Sha1-Hulud: The Second Coming",@silgi/better-auth,0.8.1
"Sha1-Hulud: The Second Coming",@silgi/drizzle,0.8.4
"Sha1-Hulud: The Second Coming",@silgi/ecosystem,0.7.6
"Sha1-Hulud: The Second Coming",@silgi/graphql,0.7.15
"Sha1-Hulud: The Second Coming",@silgi/module-builder,0.8.8
"Sha1-Hulud: The Second Coming",@silgi/openapi,0.7.4
"Sha1-Hulud: The Second Coming",@silgi/permission,0.6.8
"Sha1-Hulud: The Second Coming",@silgi/ratelimit,0.2.1
"Sha1-Hulud: The Second Coming",@silgi/scalar,0.6.2
"Sha1-Hulud: The Second Coming",@silgi/yoga,0.7.1
"Sha1-Hulud: The Second Coming",@sme-ui/aoma-vevasound-metadata-lib,0.1.3
"Sha1-Hulud: The Second Coming",@strapbuild/react-native-date-time-picker,2.0.4
"Sha1-Hulud: The Second Coming",@strapbuild/react-native-perspective-image-cropper,0.4.15
"Sha1-Hulud: The Second Coming",@strapbuild/react-native-perspective-image-cropper-2,0.4.7
"Sha1-Hulud: The Second Coming",@strapbuild/react-native-perspective-image-cropper-poojan31,0.4.6
"Sha1-Hulud: The Second Coming",@suraj_h/medium-common,1.0.5
"Sha1-Hulud: The Second Coming",@thedelta/eslint-config,1.0.2
"Sha1-Hulud: The Second Coming",@tiaanduplessis/json,2.0.2
"Sha1-Hulud: The Second Coming",@tiaanduplessis/json,2.0.3
"Sha1-Hulud: The Second Coming",@tiaanduplessis/react-progressbar,1.0.1
"Sha1-Hulud: The Second Coming",@tiaanduplessis/react-progressbar,1.0.2
"Sha1-Hulud: The Second Coming",@trackstar/angular-trackstar-link,1.0.2
"Sha1-Hulud: The Second Coming",@trackstar/react-trackstar-link,2.0.21
"Sha1-Hulud: The Second Coming",@trackstar/react-trackstar-link-upgrade,1.1.10
"Sha1-Hulud: The Second Coming",@trackstar/test-angular-package,0.0.9
"Sha1-Hulud: The Second Coming",@trackstar/test-package,1.1.5
"Sha1-Hulud: The Second Coming",@trefox/sleekshop-js,0.1.6
"Sha1-Hulud: The Second Coming",@trigo/atrix,7.0.1
"Sha1-Hulud: The Second Coming",@trigo/atrix-acl,4.0.2
"Sha1-Hulud: The Second Coming",@trigo/atrix-elasticsearch,2.0.1
"Sha1-Hulud: The Second Coming",@trigo/atrix-mongoose,1.0.2
"Sha1-Hulud: The Second Coming",@trigo/atrix-orientdb,1.0.2
"Sha1-Hulud: The Second Coming",@trigo/atrix-postgres,1.0.3
"Sha1-Hulud: The Second Coming",@trigo/atrix-pubsub,4.0.3
"Sha1-Hulud: The Second Coming",@trigo/atrix-redis,1.0.2
"Sha1-Hulud: The Second Coming",@trigo/atrix-soap,1.0.2
"Sha1-Hulud: The Second Coming",@trigo/atrix-swagger,3.0.1
"Sha1-Hulud: The Second Coming",@trigo/bool-expressions,4.1.3
"Sha1-Hulud: The Second Coming",@trigo/eslint-config-trigo,3.3.1
"Sha1-Hulud: The Second Coming",@trigo/fsm,3.4.2
"Sha1-Hulud: The Second Coming",@trigo/hapi-auth-signedlink,1.3.1
"Sha1-Hulud: The Second Coming",@trigo/jsdt,0.2.1
"Sha1-Hulud: The Second Coming",@trigo/keycloak-api,1.3.1
"Sha1-Hulud: The Second Coming",@trigo/node-soap,0.5.4
"Sha1-Hulud: The Second Coming",@trigo/pathfinder-ui-css,0.1.1
"Sha1-Hulud: The Second Coming",@trigo/trigo-hapijs,5.0.1
"Sha1-Hulud: The Second Coming",@trpc-rate-limiter/cloudflare,0.1.4
"Sha1-Hulud: The Second Coming",@trpc-rate-limiter/hono,0.1.4
"Sha1-Hulud: The Second Coming",@varsityvibe/api-client,1.3.36
"Sha1-Hulud: The Second Coming",@varsityvibe/api-client,1.3.37
"Sha1-Hulud: The Second Coming",@varsityvibe/utils,5.0.6
"Sha1-Hulud: The Second Coming",@varsityvibe/validation-schemas,0.6.7
"Sha1-Hulud: The Second Coming",@varsityvibe/validation-schemas,0.6.8
"Sha1-Hulud: The Second Coming",@viapip/eslint-config,0.2.4
"Sha1-Hulud: The Second Coming",@vishadtyagi/full-year-calendar,0.1.11
"Sha1-Hulud: The Second Coming",@voiceflow/alexa-types,2.15.61
"Sha1-Hulud: The Second Coming",@voiceflow/anthropic,0.4.4
"Sha1-Hulud: The Second Coming",@voiceflow/anthropic,0.4.5
"Sha1-Hulud: The Second Coming",@voiceflow/api-sdk,3.28.59
"Sha1-Hulud: The Second Coming",@voiceflow/backend-utils,5.0.1
"Sha1-Hulud: The Second Coming",@voiceflow/backend-utils,5.0.2
"Sha1-Hulud: The Second Coming",@voiceflow/base-types,2.136.2
"Sha1-Hulud: The Second Coming",@voiceflow/base-types,2.136.3
"Sha1-Hulud: The Second Coming",@voiceflow/body-parser,1.21.2
"Sha1-Hulud: The Second Coming",@voiceflow/body-parser,1.21.3
"Sha1-Hulud: The Second Coming",@voiceflow/chat-types,2.14.58
"Sha1-Hulud: The Second Coming",@voiceflow/chat-types,2.14.59
"Sha1-Hulud: The Second Coming",@voiceflow/circleci-config-sdk-orb-import,0.2.1
"Sha1-Hulud: The Second Coming",@voiceflow/circleci-config-sdk-orb-import,0.2.2
"Sha1-Hulud: The Second Coming",@voiceflow/commitlint-config,2.6.1
"Sha1-Hulud: The Second Coming",@voiceflow/commitlint-config,2.6.2
"Sha1-Hulud: The Second Coming",@voiceflow/common,8.9.1
"Sha1-Hulud: The Second Coming",@voiceflow/common,8.9.2
"Sha1-Hulud: The Second Coming",@voiceflow/default-prompt-wrappers,1.7.3
"Sha1-Hulud: The Second Coming",@voiceflow/default-prompt-wrappers,1.7.4
"Sha1-Hulud: The Second Coming",@voiceflow/dependency-cruiser-config,1.8.11
"Sha1-Hulud: The Second Coming",@voiceflow/dependency-cruiser-config,1.8.12
"Sha1-Hulud: The Second Coming",@voiceflow/dtos-interact,1.40.1
"Sha1-Hulud: The Second Coming",@voiceflow/dtos-interact,1.40.2
"Sha1-Hulud: The Second Coming",@voiceflow/encryption,0.3.2
"Sha1-Hulud: The Second Coming",@voiceflow/encryption,0.3.3
"Sha1-Hulud: The Second Coming",@voiceflow/eslint-config,7.16.4
"Sha1-Hulud: The Second Coming",@voiceflow/eslint-config,7.16.5
"Sha1-Hulud: The Second Coming",@voiceflow/eslint-plugin,1.6.1
"Sha1-Hulud: The Second Coming",@voiceflow/eslint-plugin,1.6.2
"Sha1-Hulud: The Second Coming",@voiceflow/exception,1.10.1
"Sha1-Hulud: The Second Coming",@voiceflow/exception,1.10.2
"Sha1-Hulud: The Second Coming",@voiceflow/fetch,1.11.1
"Sha1-Hulud: The Second Coming",@voiceflow/fetch,1.11.2
"Sha1-Hulud: The Second Coming",@voiceflow/general-types,3.2.22
"Sha1-Hulud: The Second Coming",@voiceflow/general-types,3.2.23
"Sha1-Hulud: The Second Coming",@voiceflow/git-branch-check,1.4.3
"Sha1-Hulud: The Second Coming",@voiceflow/git-branch-check,1.4.4
"Sha1-Hulud: The Second Coming",@voiceflow/google-dfes-types,2.17.12
"Sha1-Hulud: The Second Coming",@voiceflow/google-dfes-types,2.17.13
"Sha1-Hulud: The Second Coming",@voiceflow/google-types,2.21.13
"Sha1-Hulud: The Second Coming",@voiceflow/husky-config,1.3.1
"Sha1-Hulud: The Second Coming",@voiceflow/husky-config,1.3.2
"Sha1-Hulud: The Second Coming",@voiceflow/logger,2.4.2
"Sha1-Hulud: The Second Coming",@voiceflow/logger,2.4.3
"Sha1-Hulud: The Second Coming",@voiceflow/metrics,1.5.1
"Sha1-Hulud: The Second Coming",@voiceflow/metrics,1.5.2
"Sha1-Hulud: The Second Coming",@voiceflow/natural-language-commander,0.5.2
"Sha1-Hulud: The Second Coming",@voiceflow/natural-language-commander,0.5.3
"Sha1-Hulud: The Second Coming",@voiceflow/nestjs-common,2.75.2
"Sha1-Hulud: The Second Coming",@voiceflow/nestjs-common,2.75.3
"Sha1-Hulud: The Second Coming",@voiceflow/nestjs-mongodb,1.3.1
"Sha1-Hulud: The Second Coming",@voiceflow/nestjs-mongodb,1.3.2
"Sha1-Hulud: The Second Coming",@voiceflow/nestjs-rate-limit,1.3.2
"Sha1-Hulud: The Second Coming",@voiceflow/nestjs-rate-limit,1.3.3
"Sha1-Hulud: The Second Coming",@voiceflow/nestjs-redis,1.3.1
"Sha1-Hulud: The Second Coming",@voiceflow/nestjs-redis,1.3.2
"Sha1-Hulud: The Second Coming",@voiceflow/nestjs-timeout,1.3.1
"Sha1-Hulud: The Second Coming",@voiceflow/nestjs-timeout,1.3.2
"Sha1-Hulud: The Second Coming",@voiceflow/npm-package-json-lint-config,1.1.1
"Sha1-Hulud: The Second Coming",@voiceflow/openai,3.2.2
"Sha1-Hulud: The Second Coming",@voiceflow/openai,3.2.3
"Sha1-Hulud: The Second Coming",@voiceflow/pino,6.11.3
"Sha1-Hulud: The Second Coming",@voiceflow/pino,6.11.4
"Sha1-Hulud: The Second Coming",@voiceflow/pino-pretty,4.4.1
"Sha1-Hulud: The Second Coming",@voiceflow/pino-pretty,4.4.2
"Sha1-Hulud: The Second Coming",@voiceflow/prettier-config,1.10.1
"Sha1-Hulud: The Second Coming",@voiceflow/prettier-config,1.10.2
"Sha1-Hulud: The Second Coming",@voiceflow/react-chat,1.65.4
"Sha1-Hulud: The Second Coming",@voiceflow/runtime,1.29.1
"Sha1-Hulud: The Second Coming",@voiceflow/runtime,1.29.2
"Sha1-Hulud: The Second Coming",@voiceflow/runtime-client-js,1.17.2
"Sha1-Hulud: The Second Coming",@voiceflow/runtime-client-js,1.17.3
"Sha1-Hulud: The Second Coming",@voiceflow/sdk-runtime,1.43.1
"Sha1-Hulud: The Second Coming",@voiceflow/sdk-runtime,1.43.2
"Sha1-Hulud: The Second Coming",@voiceflow/secrets-provider,1.9.2
"Sha1-Hulud: The Second Coming",@voiceflow/secrets-provider,1.9.3
"Sha1-Hulud: The Second Coming",@voiceflow/semantic-release-config,1.4.1
"Sha1-Hulud: The Second Coming",@voiceflow/semantic-release-config,1.4.2
"Sha1-Hulud: The Second Coming",@voiceflow/serverless-plugin-typescript,2.1.7
"Sha1-Hulud: The Second Coming",@voiceflow/serverless-plugin-typescript,2.1.8
"Sha1-Hulud: The Second Coming",@voiceflow/slate-serializer,1.7.3
"Sha1-Hulud: The Second Coming",@voiceflow/slate-serializer,1.7.4
"Sha1-Hulud: The Second Coming",@voiceflow/stitches-react,2.3.2
"Sha1-Hulud: The Second Coming",@voiceflow/stitches-react,2.3.3
"Sha1-Hulud: The Second Coming",@voiceflow/storybook-config,1.2.2
"Sha1-Hulud: The Second Coming",@voiceflow/storybook-config,1.2.3
"Sha1-Hulud: The Second Coming",@voiceflow/stylelint-config,1.1.1
"Sha1-Hulud: The Second Coming",@voiceflow/stylelint-config,1.1.2
"Sha1-Hulud: The Second Coming",@voiceflow/test-common,2.1.1
"Sha1-Hulud: The Second Coming",@voiceflow/test-common,2.1.2
"Sha1-Hulud: The Second Coming",@voiceflow/tsconfig,1.12.1
"Sha1-Hulud: The Second Coming",@voiceflow/tsconfig,1.12.2
"Sha1-Hulud: The Second Coming",@voiceflow/tsconfig-paths,1.1.4
"Sha1-Hulud: The Second Coming",@voiceflow/tsconfig-paths,1.1.5
"Sha1-Hulud: The Second Coming",@voiceflow/utils-designer,1.74.20
"Sha1-Hulud: The Second Coming",@voiceflow/verror,1.1.4
"Sha1-Hulud: The Second Coming",@voiceflow/verror,1.1.5
"Sha1-Hulud: The Second Coming",@voiceflow/vite-config,2.6.2
"Sha1-Hulud: The Second Coming",@voiceflow/vite-config,2.6.3
"Sha1-Hulud: The Second Coming",@voiceflow/vitest-config,1.10.2
"Sha1-Hulud: The Second Coming",@voiceflow/vitest-config,1.10.3
"Sha1-Hulud: The Second Coming",@voiceflow/voice-types,2.10.58
"Sha1-Hulud: The Second Coming",@voiceflow/voice-types,2.10.59
"Sha1-Hulud: The Second Coming",@voiceflow/voiceflow-types,3.32.45
"Sha1-Hulud: The Second Coming",@voiceflow/voiceflow-types,3.32.46
"Sha1-Hulud: The Second Coming",@voiceflow/widget,1.7.18
"Sha1-Hulud: The Second Coming",@voiceflow/widget,1.7.19
"Sha1-Hulud: The Second Coming",@vucod/email,0.0.3
"Sha1-Hulud: The Second Coming",@zapier/ai-actions,0.1.18
"Sha1-Hulud: The Second Coming",@zapier/ai-actions,0.1.19
"Sha1-Hulud: The Second Coming",@zapier/ai-actions,0.1.20
"Sha1-Hulud: The Second Coming",@zapier/ai-actions-react,0.1.12
"Sha1-Hulud: The Second Coming",@zapier/ai-actions-react,0.1.13
"Sha1-Hulud: The Second Coming",@zapier/ai-actions-react,0.1.14
"Sha1-Hulud: The Second Coming",@zapier/babel-preset-zapier,6.4.1
"Sha1-Hulud: The Second Coming",@zapier/babel-preset-zapier,6.4.2
"Sha1-Hulud: The Second Coming",@zapier/babel-preset-zapier,6.4.3
"Sha1-Hulud: The Second Coming",@zapier/browserslist-config-zapier,1.0.3
"Sha1-Hulud: The Second Coming",@zapier/browserslist-config-zapier,1.0.4
"Sha1-Hulud: The Second Coming",@zapier/browserslist-config-zapier,1.0.5
"Sha1-Hulud: The Second Coming",@zapier/eslint-plugin-zapier,11.0.3
"Sha1-Hulud: The Second Coming",@zapier/eslint-plugin-zapier,11.0.4
"Sha1-Hulud: The Second Coming",@zapier/eslint-plugin-zapier,11.0.5
"Sha1-Hulud: The Second Coming",@zapier/mcp-integration,3.0.1
"Sha1-Hulud: The Second Coming",@zapier/mcp-integration,3.0.2
"Sha1-Hulud: The Second Coming",@zapier/mcp-integration,3.0.3
"Sha1-Hulud: The Second Coming",@zapier/secret-scrubber,1.1.3
"Sha1-Hulud: The Second Coming",@zapier/secret-scrubber,1.1.4
"Sha1-Hulud: The Second Coming",@zapier/secret-scrubber,1.1.5
"Sha1-Hulud: The Second Coming",@zapier/spectral-api-ruleset,1.9.1
"Sha1-Hulud: The Second Coming",@zapier/spectral-api-ruleset,1.9.2
"Sha1-Hulud: The Second Coming",@zapier/spectral-api-ruleset,1.9.3
"Sha1-Hulud: The Second Coming",@zapier/stubtree,0.1.2
"Sha1-Hulud: The Second Coming",@zapier/stubtree,0.1.3
"Sha1-Hulud: The Second Coming",@zapier/stubtree,0.1.4
"Sha1-Hulud: The Second Coming",@zapier/zapier-sdk,0.15.5
"Sha1-Hulud: The Second Coming",@zapier/zapier-sdk,0.15.6
"Sha1-Hulud: The Second Coming",@zapier/zapier-sdk,0.15.7
"Sha1-Hulud: The Second Coming",ai-crowl-shield,1.0.7
"Sha1-Hulud: The Second Coming",arc-cli-fc,1.0.1
"Sha1-Hulud: The Second Coming",asciitranslator,1.0.3
"Sha1-Hulud: The Second Coming",asyncapi-preview,1.0.1
"Sha1-Hulud: The Second Coming",asyncapi-preview,1.0.2
"Sha1-Hulud: The Second Coming",atrix,1.0.1
"Sha1-Hulud: The Second Coming",atrix-mongoose,1.0.1
"Sha1-Hulud: The Second Coming",automation_model,1.0.491
"Sha1-Hulud: The Second Coming",avvvatars-vue,1.1.2
"Sha1-Hulud: The Second Coming",axios-builder,1.2.1
"Sha1-Hulud: The Second Coming",axios-cancelable,1.0.1
"Sha1-Hulud: The Second Coming",axios-cancelable,1.0.2
"Sha1-Hulud: The Second Coming",axios-timed,1.0.1
"Sha1-Hulud: The Second Coming",axios-timed,1.0.2
"Sha1-Hulud: The Second Coming",babel-preset-kinvey-flex-service,0.1.1
"Sha1-Hulud: The Second Coming",barebones-css,1.1.3
"Sha1-Hulud: The Second Coming",barebones-css,1.1.4
"Sha1-Hulud: The Second Coming",benmostyn-frame-print,1.0.1
"Sha1-Hulud: The Second Coming",best_gpio_controller,1.0.10
"Sha1-Hulud: The Second Coming",better-auth-nuxt,0.0.10
"Sha1-Hulud: The Second Coming",better-queue-nedb,0.1.5
"Sha1-Hulud: The Second Coming",bidirectional-adapter,1.2.2
"Sha1-Hulud: The Second Coming",bidirectional-adapter,1.2.3
"Sha1-Hulud: The Second Coming",bidirectional-adapter,1.2.4
"Sha1-Hulud: The Second Coming",bidirectional-adapter,1.2.5
"Sha1-Hulud: The Second Coming",blinqio-executions-cli,1.0.41
"Sha1-Hulud: The Second Coming",blob-to-base64,1.0.3
"Sha1-Hulud: The Second Coming",bool-expressions,0.1.2
"Sha1-Hulud: The Second Coming",buffered-interpolation-babylon6,0.2.8
"Sha1-Hulud: The Second Coming",bun-plugin-httpfile,0.1.1
"Sha1-Hulud: The Second Coming",bytecode-checker-cli,1.0.10
"Sha1-Hulud: The Second Coming",bytecode-checker-cli,1.0.11
"Sha1-Hulud: The Second Coming",bytecode-checker-cli,1.0.8
"Sha1-Hulud: The Second Coming",bytecode-checker-cli,1.0.9
"Sha1-Hulud: The Second Coming",bytes-to-x,1.0.1
"Sha1-Hulud: The Second Coming",calc-loan-interest,1.0.4
"Sha1-Hulud: The Second Coming",capacitor-plugin-apptrackingios,0.0.21
"Sha1-Hulud: The Second Coming",capacitor-plugin-purchase,0.1.1
"Sha1-Hulud: The Second Coming",capacitor-plugin-scgssigninwithgoogle,0.0.5
"Sha1-Hulud: The Second Coming",capacitor-purchase-history,0.0.10
"Sha1-Hulud: The Second Coming",capacitor-voice-recorder-wav,6.0.3
"Sha1-Hulud: The Second Coming",ceviz,0.0.5
"Sha1-Hulud: The Second Coming",chrome-extension-downloads,0.0.3
"Sha1-Hulud: The Second Coming",chrome-extension-downloads,0.0.4
"Sha1-Hulud: The Second Coming",claude-token-updater,1.0.3
"Sha1-Hulud: The Second Coming",coinmarketcap-api,3.1.2
"Sha1-Hulud: The Second Coming",coinmarketcap-api,3.1.3
"Sha1-Hulud: The Second Coming",colors-regex,2.0.1
"Sha1-Hulud: The Second Coming",command-irail,0.5.4
"Sha1-Hulud: The Second Coming",compare-obj,1.1.1
"Sha1-Hulud: The Second Coming",compare-obj,1.1.2
"Sha1-Hulud: The Second Coming",composite-reducer,1.0.2
"Sha1-Hulud: The Second Coming",composite-reducer,1.0.3
"Sha1-Hulud: The Second Coming",composite-reducer,1.0.4
"Sha1-Hulud: The Second Coming",composite-reducer,1.0.5
"Sha1-Hulud: The Second Coming",count-it-down,1.0.1
"Sha1-Hulud: The Second Coming",count-it-down,1.0.2
"Sha1-Hulud: The Second Coming",cpu-instructions,0.0.14
"Sha1-Hulud: The Second Coming",create-director-app,0.1.1
"Sha1-Hulud: The Second Coming",create-glee-app,0.2.2
"Sha1-Hulud: The Second Coming",create-glee-app,0.2.3
"Sha1-Hulud: The Second Coming",create-hardhat3-app,1.1.1
"Sha1-Hulud: The Second Coming",create-hardhat3-app,1.1.2
"Sha1-Hulud: The Second Coming",create-hardhat3-app,1.1.3
"Sha1-Hulud: The Second Coming",create-hardhat3-app,1.1.4
"Sha1-Hulud: The Second Coming",create-kinvey-flex-service,0.2.1
"Sha1-Hulud: The Second Coming",create-mcp-use-app,0.5.3
"Sha1-Hulud: The Second Coming",create-mcp-use-app,0.5.4
"Sha1-Hulud: The Second Coming",create-silgi,0.3.1
"Sha1-Hulud: The Second Coming",crypto-addr-codec,0.1.9
"Sha1-Hulud: The Second Coming",css-dedoupe,0.1.2
"Sha1-Hulud: The Second Coming",csv-tool-cli,1.2.1
"Sha1-Hulud: The Second Coming",dashboard-empty-state,1.0.3
"Sha1-Hulud: The Second Coming",designstudiouiux,1.0.1
"Sha1-Hulud: The Second Coming",devstart-cli,1.0.6
"Sha1-Hulud: The Second Coming",dialogflow-es,1.1.2
"Sha1-Hulud: The Second Coming",dialogflow-es,1.1.3
"Sha1-Hulud: The Second Coming",dialogflow-es,1.1.4
"Sha1-Hulud: The Second Coming",discord-bot-server,0.1.2
"Sha1-Hulud: The Second Coming",docusaurus-plugin-vanilla-extract,1.0.3
"Sha1-Hulud: The Second Coming",dont-go,1.1.2
"Sha1-Hulud: The Second Coming",dotnet-template,0.0.3
"Sha1-Hulud: The Second Coming",dotnet-template,0.0.4
"Sha1-Hulud: The Second Coming",drop-events-on-property-plugin,0.0.2
"Sha1-Hulud: The Second Coming",easypanel-sdk,0.3.2
"Sha1-Hulud: The Second Coming",electron-volt,0.0.2
"Sha1-Hulud: The Second Coming",email-deliverability-tester,1.1.1
"Sha1-Hulud: The Second Coming",enforce-branch-name,1.1.3
"Sha1-Hulud: The Second Coming",esbuild-plugin-brotli,0.2.1
"Sha1-Hulud: The Second Coming",esbuild-plugin-eta,0.1.1
"Sha1-Hulud: The Second Coming",esbuild-plugin-httpfile,0.4.1
"Sha1-Hulud: The Second Coming",eslint-config-kinvey-flex-service,0.1.1
"Sha1-Hulud: The Second Coming",eslint-config-nitpicky,4.0.1
"Sha1-Hulud: The Second Coming",eslint-config-trigo,22.0.2
"Sha1-Hulud: The Second Coming",eslint-config-zeallat-base,1.0.4
"Sha1-Hulud: The Second Coming",ethereum-ens,0.8.1
"Sha1-Hulud: The Second Coming",evm-checkcode-cli,1.0.12
"Sha1-Hulud: The Second Coming",evm-checkcode-cli,1.0.13
"Sha1-Hulud: The Second Coming",evm-checkcode-cli,1.0.14
"Sha1-Hulud: The Second Coming",evm-checkcode-cli,1.0.15
"Sha1-Hulud: The Second Coming",exact-ticker,0.3.5
"Sha1-Hulud: The Second Coming",expo-audio-session,0.2.1
"Sha1-Hulud: The Second Coming",expo-router-on-rails,0.0.4
"Sha1-Hulud: The Second Coming",express-starter-template,1.0.10
"Sha1-Hulud: The Second Coming",expressos,1.1.3
"Sha1-Hulud: The Second Coming",fat-fingered,1.0.1
"Sha1-Hulud: The Second Coming",fat-fingered,1.0.2
"Sha1-Hulud: The Second Coming",feature-flip,1.0.1
"Sha1-Hulud: The Second Coming",feature-flip,1.0.2
"Sha1-Hulud: The Second Coming",firestore-search-engine,1.2.3
"Sha1-Hulud: The Second Coming",fittxt,1.0.2
"Sha1-Hulud: The Second Coming",fittxt,1.0.3
"Sha1-Hulud: The Second Coming",flapstacks,1.0.1
"Sha1-Hulud: The Second Coming",flapstacks,1.0.2
"Sha1-Hulud: The Second Coming",flatten-unflatten,1.0.1
"Sha1-Hulud: The Second Coming",flatten-unflatten,1.0.2
"Sha1-Hulud: The Second Coming",formik-error-focus,2.0.1
"Sha1-Hulud: The Second Coming",formik-store,1.0.1
"Sha1-Hulud: The Second Coming",frontity-starter-theme,1.0.1
"Sha1-Hulud: The Second Coming",fuzzy-finder,1.0.5
"Sha1-Hulud: The Second Coming",fuzzy-finder,1.0.6
"Sha1-Hulud: The Second Coming",gate-evm-check-code2,2.0.3
"Sha1-Hulud: The Second Coming",gate-evm-check-code2,2.0.4
"Sha1-Hulud: The Second Coming",gate-evm-check-code2,2.0.5
"Sha1-Hulud: The Second Coming",gate-evm-check-code2,2.0.6
"Sha1-Hulud: The Second Coming",gate-evm-tools-test,1.0.5
"Sha1-Hulud: The Second Coming",gate-evm-tools-test,1.0.6
"Sha1-Hulud: The Second Coming",gate-evm-tools-test,1.0.7
"Sha1-Hulud: The Second Coming",gate-evm-tools-test,1.0.8
"Sha1-Hulud: The Second Coming",gatsby-plugin-antd,2.2.1
"Sha1-Hulud: The Second Coming",gatsby-plugin-cname,1.0.1
"Sha1-Hulud: The Second Coming",gatsby-plugin-cname,1.0.2
"Sha1-Hulud: The Second Coming",generator-meteor-stock,0.1.6
"Sha1-Hulud: The Second Coming",generator-ng-itobuz,0.0.15
"Sha1-Hulud: The Second Coming",get-them-args,1.3.3
"Sha1-Hulud: The Second Coming",github-action-for-generator,2.1.27
"Sha1-Hulud: The Second Coming",github-action-for-generator,2.1.28
"Sha1-Hulud: The Second Coming",gitsafe,1.0.5
"Sha1-Hulud: The Second Coming",go-template,0.1.8
"Sha1-Hulud: The Second Coming",go-template,0.1.9
"Sha1-Hulud: The Second Coming",gulp-inject-envs,1.2.1
"Sha1-Hulud: The Second Coming",gulp-inject-envs,1.2.2
"Sha1-Hulud: The Second Coming",haufe-axera-api-client,0.0.2
"Sha1-Hulud: The Second Coming",hope-mapboxdraw,0.1.1
"Sha1-Hulud: The Second Coming",hopedraw,1.0.3
"Sha1-Hulud: The Second Coming",hover-design-prototype,0.0.5
"Sha1-Hulud: The Second Coming",httpness,1.0.2
"Sha1-Hulud: The Second Coming",httpness,1.0.3
"Sha1-Hulud: The Second Coming",hyper-fullfacing,1.0.3
"Sha1-Hulud: The Second Coming",hyperterm-hipster,1.0.7
"Sha1-Hulud: The Second Coming",ids-css,1.5.1
"Sha1-Hulud: The Second Coming",ids-enterprise-mcp-server,0.0.2
"Sha1-Hulud: The Second Coming",ids-enterprise-typings,20.1.6
"Sha1-Hulud: The Second Coming",image-to-uri,1.0.1
"Sha1-Hulud: The Second Coming",image-to-uri,1.0.2
"Sha1-Hulud: The Second Coming",insomnia-plugin-random-pick,1.0.4
"Sha1-Hulud: The Second Coming",invo,0.2.2
"Sha1-Hulud: The Second Coming",iron-shield-miniapp,0.0.2
"Sha1-Hulud: The Second Coming",ito-button,8.0.3
"Sha1-Hulud: The Second Coming",itobuz-angular,0.0.1
"Sha1-Hulud: The Second Coming",itobuz-angular-auth,8.0.11
"Sha1-Hulud: The Second Coming",itobuz-angular-button,8.0.11
"Sha1-Hulud: The Second Coming",jacob-zuma,1.0.1
"Sha1-Hulud: The Second Coming",jacob-zuma,1.0.2
"Sha1-Hulud: The Second Coming",jaetut-varit-test,1.0.2
"Sha1-Hulud: The Second Coming",jan-browser,0.13.1
"Sha1-Hulud: The Second Coming",jquery-bindings,1.1.2
"Sha1-Hulud: The Second Coming",jquery-bindings,1.1.3
"Sha1-Hulud: The Second Coming",jsonsurge,1.0.7
"Sha1-Hulud: The Second Coming",just-toasty,1.7.1
"Sha1-Hulud: The Second Coming",kill-port,2.0.2
"Sha1-Hulud: The Second Coming",kill-port,2.0.3
"Sha1-Hulud: The Second Coming",kinetix-default-token-list,1.0.5
"Sha1-Hulud: The Second Coming",kinvey-cli-wrapper,0.3.1
"Sha1-Hulud: The Second Coming",kinvey-flex-scripts,0.5.1
"Sha1-Hulud: The Second Coming",kns-error-code,1.0.8
"Sha1-Hulud: The Second Coming",korea-administrative-area-geo-json-util,1.0.7
"Sha1-Hulud: The Second Coming",kwami,1.5.10
"Sha1-Hulud: The Second Coming",kwami,1.5.9
"Sha1-Hulud: The Second Coming",lang-codes,1.0.1
"Sha1-Hulud: The Second Coming",lang-codes,1.0.2
"Sha1-Hulud: The Second Coming",license-o-matic,1.2.1
"Sha1-Hulud: The Second Coming",license-o-matic,1.2.2
"Sha1-Hulud: The Second Coming",lint-staged-imagemin,1.3.1
"Sha1-Hulud: The Second Coming",lint-staged-imagemin,1.3.2
"Sha1-Hulud: The Second Coming",lite-serper-mcp-server,0.2.2
"Sha1-Hulud: The Second Coming",lui-vue-test,0.70.9
"Sha1-Hulud: The Second Coming",luno-api,1.2.3
"Sha1-Hulud: The Second Coming",m25-transaction-utils,1.1.16
"Sha1-Hulud: The Second Coming",manual-billing-system-miniapp-api,1.3.1
"Sha1-Hulud: The Second Coming",mcp-use,1.4.2
"Sha1-Hulud: The Second Coming",mcp-use,1.4.3
"Sha1-Hulud: The Second Coming",medusa-plugin-announcement,0.0.3
"Sha1-Hulud: The Second Coming",medusa-plugin-logs,0.0.17
"Sha1-Hulud: The Second Coming",medusa-plugin-momo,0.0.68
"Sha1-Hulud: The Second Coming",medusa-plugin-product-reviews-kvy,0.0.4
"Sha1-Hulud: The Second Coming",medusa-plugin-zalopay,0.0.40
"Sha1-Hulud: The Second Coming",mod10-check-digit,1.0.1
"Sha1-Hulud: The Second Coming",mon-package-react-typescript,1.0.1
"Sha1-Hulud: The Second Coming",my-saeed-lib,0.1.1
"Sha1-Hulud: The Second Coming",n8n-nodes-tmdb,0.5.1
"Sha1-Hulud: The Second Coming",n8n-nodes-vercel-ai-sdk,0.1.7
"Sha1-Hulud: The Second Coming",n8n-nodes-viral-app,0.2.5
"Sha1-Hulud: The Second Coming",nanoreset,7.0.1
"Sha1-Hulud: The Second Coming",nanoreset,7.0.2
"Sha1-Hulud: The Second Coming",next-circular-dependency,1.0.2
"Sha1-Hulud: The Second Coming",next-circular-dependency,1.0.3
"Sha1-Hulud: The Second Coming",next-simple-google-analytics,1.1.1
"Sha1-Hulud: The Second Coming",next-simple-google-analytics,1.1.2
"Sha1-Hulud: The Second Coming",next-styled-nprogress,1.0.4
"Sha1-Hulud: The Second Coming",next-styled-nprogress,1.0.5
"Sha1-Hulud: The Second Coming",ngx-useful-swiper-prosenjit,9.0.2
"Sha1-Hulud: The Second Coming",ngx-wooapi,12.0.1
"Sha1-Hulud: The Second Coming",nitro-graphql,1.5.12
"Sha1-Hulud: The Second Coming",nitro-kutu,0.1.1
"Sha1-Hulud: The Second Coming",nitrodeploy,1.0.8
"Sha1-Hulud: The Second Coming",nitroping,0.1.1
"Sha1-Hulud: The Second Coming",normal-store,1.3.1
"Sha1-Hulud: The Second Coming",normal-store,1.3.2
"Sha1-Hulud: The Second Coming",normal-store,1.3.3
"Sha1-Hulud: The Second Coming",normal-store,1.3.4
"Sha1-Hulud: The Second Coming",nuxt-keycloak,0.2.2
"Sha1-Hulud: The Second Coming",obj-to-css,1.0.2
"Sha1-Hulud: The Second Coming",obj-to-css,1.0.3
"Sha1-Hulud: The Second Coming",okta-react-router-6,5.0.1
"Sha1-Hulud: The Second Coming",open2internet,0.1.1
"Sha1-Hulud: The Second Coming",orbit-boxicons,2.1.3
"Sha1-Hulud: The Second Coming",orbit-nebula-draw-tools,1.0.10
"Sha1-Hulud: The Second Coming",orbit-nebula-editor,1.0.2
"Sha1-Hulud: The Second Coming",orbit-soap,0.43.13
"Sha1-Hulud: The Second Coming",orchestrix,12.1.2
"Sha1-Hulud: The Second Coming",package-tester,1.0.1
"Sha1-Hulud: The Second Coming",parcel-plugin-asset-copier,1.1.2
"Sha1-Hulud: The Second Coming",parcel-plugin-asset-copier,1.1.3
"Sha1-Hulud: The Second Coming",pdf-annotation,0.0.2
"Sha1-Hulud: The Second Coming",pergel,0.13.2
"Sha1-Hulud: The Second Coming",pergeltest,0.0.25
"Sha1-Hulud: The Second Coming",piclite,1.0.1
"Sha1-Hulud: The Second Coming",pico-uid,1.0.3
"Sha1-Hulud: The Second Coming",pico-uid,1.0.4
"Sha1-Hulud: The Second Coming",pkg-readme,1.1.1
"Sha1-Hulud: The Second Coming",poper-react-sdk,0.1.2
"Sha1-Hulud: The Second Coming",posthog-docusaurus,2.0.6
"Sha1-Hulud: The Second Coming",posthog-js,1.297.3
"Sha1-Hulud: The Second Coming",posthog-node,4.18.1
"Sha1-Hulud: The Second Coming",posthog-node,5.13.3
"Sha1-Hulud: The Second Coming",posthog-plugin-hello-world,1.0.1
"Sha1-Hulud: The Second Coming",posthog-react-native,4.11.1
"Sha1-Hulud: The Second Coming",posthog-react-native,4.12.5
"Sha1-Hulud: The Second Coming",posthog-react-native-session-replay,1.2.2
"Sha1-Hulud: The Second Coming",prime-one-table,0.0.19
"Sha1-Hulud: The Second Coming",prompt-eng,1.0.50
"Sha1-Hulud: The Second Coming",prompt-eng-server,1.0.18
"Sha1-Hulud: The Second Coming",puny-req,1.0.3
"Sha1-Hulud: The Second Coming",quickswap-ads-list,1.0.33
"Sha1-Hulud: The Second Coming",quickswap-default-staking-list,1.0.11
"Sha1-Hulud: The Second Coming",quickswap-default-staking-list-address,1.0.55
"Sha1-Hulud: The Second Coming",quickswap-default-token-list,1.5.16
"Sha1-Hulud: The Second Coming",quickswap-router-sdk,1.0.1
"Sha1-Hulud: The Second Coming",quickswap-sdk,3.0.44
"Sha1-Hulud: The Second Coming",quickswap-smart-order-router,1.0.1
"Sha1-Hulud: The Second Coming",quickswap-token-lists,1.0.3
"Sha1-Hulud: The Second Coming",quickswap-v2-sdk,2.0.1
"Sha1-Hulud: The Second Coming",ra-auth-firebase,1.0.3
"Sha1-Hulud: The Second Coming",ra-data-firebase,1.0.7
"Sha1-Hulud: The Second Coming",ra-data-firebase,1.0.8
"Sha1-Hulud: The Second Coming",react-component-taggers,0.1.9
"Sha1-Hulud: The Second Coming",react-data-to-export,1.0.1
"Sha1-Hulud: The Second Coming",react-element-prompt-inspector,0.1.18
"Sha1-Hulud: The Second Coming",react-favic,1.0.2
"Sha1-Hulud: The Second Coming",react-hook-form-persist,3.0.1
"Sha1-Hulud: The Second Coming",react-hook-form-persist,3.0.2
"Sha1-Hulud: The Second Coming",react-jam-icons,1.0.1
"Sha1-Hulud: The Second Coming",react-jam-icons,1.0.2
"Sha1-Hulud: The Second Coming",react-keycloak-context,1.0.8
"Sha1-Hulud: The Second Coming",react-keycloak-context,1.0.9
"Sha1-Hulud: The Second Coming",react-library-setup,0.0.6
"Sha1-Hulud: The Second Coming",react-linear-loader,1.0.2
"Sha1-Hulud: The Second Coming",react-micromodal.js,1.0.1
"Sha1-Hulud: The Second Coming",react-micromodal.js,1.0.2
"Sha1-Hulud: The Second Coming",react-native-datepicker-modal,1.3.1
"Sha1-Hulud: The Second Coming",react-native-datepicker-modal,1.3.2
"Sha1-Hulud: The Second Coming",react-native-email,2.1.1
"Sha1-Hulud: The Second Coming",react-native-email,2.1.2
"Sha1-Hulud: The Second Coming",react-native-fetch,2.0.1
"Sha1-Hulud: The Second Coming",react-native-fetch,2.0.2
"Sha1-Hulud: The Second Coming",react-native-get-pixel-dimensions,1.0.1
"Sha1-Hulud: The Second Coming",react-native-get-pixel-dimensions,1.0.2
"Sha1-Hulud: The Second Coming",react-native-google-maps-directions,2.1.2
"Sha1-Hulud: The Second Coming",react-native-jam-icons,1.0.1
"Sha1-Hulud: The Second Coming",react-native-jam-icons,1.0.2
"Sha1-Hulud: The Second Coming",react-native-log-level,1.2.1
"Sha1-Hulud: The Second Coming",react-native-log-level,1.2.2
"Sha1-Hulud: The Second Coming",react-native-modest-checkbox,3.3.1
"Sha1-Hulud: The Second Coming",react-native-modest-storage,2.1.1
"Sha1-Hulud: The Second Coming",react-native-phone-call,1.2.1
"Sha1-Hulud: The Second Coming",react-native-phone-call,1.2.2
"Sha1-Hulud: The Second Coming",react-native-retriable-fetch,2.0.1
"Sha1-Hulud: The Second Coming",react-native-retriable-fetch,2.0.2
"Sha1-Hulud: The Second Coming",react-native-use-modal,1.0.3
"Sha1-Hulud: The Second Coming",react-native-view-finder,1.2.1
"Sha1-Hulud: The Second Coming",react-native-view-finder,1.2.2
"Sha1-Hulud: The Second Coming",react-native-websocket,1.0.3
"Sha1-Hulud: The Second Coming",react-native-websocket,1.0.4
"Sha1-Hulud: The Second Coming",react-native-worklet-functions,3.3.3
"Sha1-Hulud: The Second Coming",react-packery-component,1.0.3
"Sha1-Hulud: The Second Coming",react-qr-image,1.1.1
"Sha1-Hulud: The Second Coming",react-scrambled-text,1.0.4
"Sha1-Hulud: The Second Coming",rediff,1.0.5
"Sha1-Hulud: The Second Coming",rediff-viewer,0.0.7
"Sha1-Hulud: The Second Coming",redux-forge,2.5.3
"Sha1-Hulud: The Second Coming",redux-router-kit,1.2.2
"Sha1-Hulud: The Second Coming",redux-router-kit,1.2.3
"Sha1-Hulud: The Second Coming",redux-router-kit,1.2.4
"Sha1-Hulud: The Second Coming",revenuecat,1.0.1
"Sha1-Hulud: The Second Coming",rollup-plugin-httpfile,0.2.1
"Sha1-Hulud: The Second Coming",sa-company-registration-number-regex,1.0.1
"Sha1-Hulud: The Second Coming",sa-company-registration-number-regex,1.0.2
"Sha1-Hulud: The Second Coming",sa-id-gen,1.0.4
"Sha1-Hulud: The Second Coming",sa-id-gen,1.0.5
"Sha1-Hulud: The Second Coming",samesame,1.0.3
"Sha1-Hulud: The Second Coming",scgs-capacitor-subscribe,1.0.11
"Sha1-Hulud: The Second Coming",scgsffcreator,1.0.5
"Sha1-Hulud: The Second Coming",schob,1.0.3
"Sha1-Hulud: The Second Coming",selenium-session,1.0.5
"Sha1-Hulud: The Second Coming",selenium-session-client,1.0.4
"Sha1-Hulud: The Second Coming",set-nested-prop,2.0.1
"Sha1-Hulud: The Second Coming",set-nested-prop,2.0.2
"Sha1-Hulud: The Second Coming",shelf-jwt-sessions,0.1.2
"Sha1-Hulud: The Second Coming",shell-exec,1.1.3
"Sha1-Hulud: The Second Coming",shell-exec,1.1.4
"Sha1-Hulud: The Second Coming",shinhan-limit-scrap,1.0.3
"Sha1-Hulud: The Second Coming",silgi,0.43.30
"Sha1-Hulud: The Second Coming",simplejsonform,1.0.1
"Sha1-Hulud: The Second Coming",skills-use,0.1.1
"Sha1-Hulud: The Second Coming",skills-use,0.1.2
"Sha1-Hulud: The Second Coming",solomon-api-stories,1.0.2
"Sha1-Hulud: The Second Coming",solomon-v3-stories,1.15.6
"Sha1-Hulud: The Second Coming",solomon-v3-ui-wrapper,1.6.1
"Sha1-Hulud: The Second Coming",soneium-acs,1.0.1
"Sha1-Hulud: The Second Coming",sort-by-distance,2.0.1
"Sha1-Hulud: The Second Coming",south-african-id-info,1.0.2
"Sha1-Hulud: The Second Coming",stat-fns,1.0.1
"Sha1-Hulud: The Second Coming",stoor,2.3.2
"Sha1-Hulud: The Second Coming",sufetch,0.4.1
"Sha1-Hulud: The Second Coming",super-commit,1.0.1
"Sha1-Hulud: The Second Coming",svelte-autocomplete-select,1.1.1
"Sha1-Hulud: The Second Coming",svelte-toasty,1.1.2
"Sha1-Hulud: The Second Coming",svelte-toasty,1.1.3
"Sha1-Hulud: The Second Coming",tanstack-shadcn-table,1.1.5
"Sha1-Hulud: The Second Coming",tavily-module,1.0.1
"Sha1-Hulud: The Second Coming",tcsp,2.0.2
"Sha1-Hulud: The Second Coming",tcsp-draw-test,1.0.5
"Sha1-Hulud: The Second Coming",tcsp-test-vd,2.4.4
"Sha1-Hulud: The Second Coming",template-lib,1.1.3
"Sha1-Hulud: The Second Coming",template-lib,1.1.4
"Sha1-Hulud: The Second Coming",template-micro-service,1.0.2
"Sha1-Hulud: The Second Coming",template-micro-service,1.0.3
"Sha1-Hulud: The Second Coming",tenacious-fetch,2.3.2
"Sha1-Hulud: The Second Coming",tenacious-fetch,2.3.3
"Sha1-Hulud: The Second Coming",test-foundry-app,1.0.1
"Sha1-Hulud: The Second Coming",test-foundry-app,1.0.2
"Sha1-Hulud: The Second Coming",test-foundry-app,1.0.3
"Sha1-Hulud: The Second Coming",test-foundry-app,1.0.4
"Sha1-Hulud: The Second Coming",test-hardhat-app,1.0.1
"Sha1-Hulud: The Second Coming",test-hardhat-app,1.0.2
"Sha1-Hulud: The Second Coming",test-hardhat-app,1.0.3
"Sha1-Hulud: The Second Coming",test-hardhat-app,1.0.4
"Sha1-Hulud: The Second Coming",test23112222-api,1.0.1
"Sha1-Hulud: The Second Coming",tiaan,1.0.2
"Sha1-Hulud: The Second Coming",tiptap-shadcn-vue,0.2.1
"Sha1-Hulud: The Second Coming",token.js-fork,0.7.32
"Sha1-Hulud: The Second Coming",toonfetch,0.3.2
"Sha1-Hulud: The Second Coming",trigo-react-app,4.1.2
"Sha1-Hulud: The Second Coming",ts-relay-cursor-paging,2.1.1
"Sha1-Hulud: The Second Coming",typeface-antonio-complete,1.0.5
"Sha1-Hulud: The Second Coming",typefence,1.2.2
"Sha1-Hulud: The Second Coming",typefence,1.2.3
"Sha1-Hulud: The Second Coming",typeorm-orbit,0.2.27
"Sha1-Hulud: The Second Coming",unadapter,0.1.3
"Sha1-Hulud: The Second Coming",undefsafe-typed,1.0.3
"Sha1-Hulud: The Second Coming",undefsafe-typed,1.0.4
"Sha1-Hulud: The Second Coming",unemail,0.3.1
"Sha1-Hulud: The Second Coming",uniswap-router-sdk,1.6.2
"Sha1-Hulud: The Second Coming",uniswap-smart-order-router,3.16.26
"Sha1-Hulud: The Second Coming",uniswap-test-sdk-core,4.0.8
"Sha1-Hulud: The Second Coming",unsearch,0.0.3
"Sha1-Hulud: The Second Coming",uplandui,0.5.4
"Sha1-Hulud: The Second Coming",upload-to-play-store,1.0.1
"Sha1-Hulud: The Second Coming",upload-to-play-store,1.0.2
"Sha1-Hulud: The Second Coming",url-encode-decode,1.0.1
"Sha1-Hulud: The Second Coming",url-encode-decode,1.0.2
"Sha1-Hulud: The Second Coming",use-unsaved-changes,1.0.9
"Sha1-Hulud: The Second Coming",v-plausible,1.2.1
"Sha1-Hulud: The Second Coming",valid-south-african-id,1.0.3
"Sha1-Hulud: The Second Coming",valuedex-sdk,3.0.5
"Sha1-Hulud: The Second Coming",vf-oss-template,1.0.1
"Sha1-Hulud: The Second Coming",vf-oss-template,1.0.2
"Sha1-Hulud: The Second Coming",vf-oss-template,1.0.3
"Sha1-Hulud: The Second Coming",victoria-wallet-constants,0.1.1
"Sha1-Hulud: The Second Coming",victoria-wallet-constants,0.1.2
"Sha1-Hulud: The Second Coming",victoria-wallet-core,0.1.1
"Sha1-Hulud: The Second Coming",victoria-wallet-core,0.1.2
"Sha1-Hulud: The Second Coming",victoria-wallet-type,0.1.1
"Sha1-Hulud: The Second Coming",victoria-wallet-type,0.1.2
"Sha1-Hulud: The Second Coming",victoria-wallet-utils,0.1.1
"Sha1-Hulud: The Second Coming",victoria-wallet-utils,0.1.2
"Sha1-Hulud: The Second Coming",victoria-wallet-validator,0.1.1
"Sha1-Hulud: The Second Coming",victoria-wallet-validator,0.1.2
"Sha1-Hulud: The Second Coming",victoriaxoaquyet-wallet-core,0.2.1
"Sha1-Hulud: The Second Coming",victoriaxoaquyet-wallet-core,0.2.2
"Sha1-Hulud: The Second Coming",vite-plugin-httpfile,0.2.1
"Sha1-Hulud: The Second Coming",vue-browserupdate-nuxt,1.0.5
"Sha1-Hulud: The Second Coming",wallet-evm,0.3.1
"Sha1-Hulud: The Second Coming",wallet-evm,0.3.2
"Sha1-Hulud: The Second Coming",wallet-type,0.1.1
"Sha1-Hulud: The Second Coming",wallet-type,0.1.2
"Sha1-Hulud: The Second Coming",web-scraper-mcp,1.1.4
"Sha1-Hulud: The Second Coming",web-types-htmx,0.1.1
"Sha1-Hulud: The Second Coming",web-types-lit,0.1.1
"Sha1-Hulud: The Second Coming",webpack-loader-httpfile,0.2.1
"Sha1-Hulud: The Second Coming",wellness-expert-ng-gallery,5.1.1
"Sha1-Hulud: The Second Coming",wenk,1.0.10
"Sha1-Hulud: The Second Coming",wenk,1.0.9
"Sha1-Hulud: The Second Coming",zapier-async-storage,1.0.1
"Sha1-Hulud: The Second Coming",zapier-async-storage,1.0.2
"Sha1-Hulud: The Second Coming",zapier-async-storage,1.0.3
"Sha1-Hulud: The Second Coming",zapier-platform-cli,18.0.2
"Sha1-Hulud: The Second Coming",zapier-platform-cli,18.0.3
"Sha1-Hulud: The Second Coming",zapier-platform-cli,18.0.4
"Sha1-Hulud: The Second Coming",zapier-platform-core,18.0.2
"Sha1-Hulud: The Second Coming",zapier-platform-core,18.0.3
"Sha1-Hulud: The Second Coming",zapier-platform-core,18.0.4
"Sha1-Hulud: The Second Coming",zapier-platform-legacy-scripting-runner,4.0.2
"Sha1-Hulud: The Second Coming",zapier-platform-legacy-scripting-runner,4.0.3
"Sha1-Hulud: The Second Coming",zapier-platform-legacy-scripting-runner,4.0.4
"Sha1-Hulud: The Second Coming",zapier-platform-schema,18.0.2
"Sha1-Hulud: The Second Coming",zapier-platform-schema,18.0.3
"Sha1-Hulud: The Second Coming",zapier-platform-schema,18.0.4
"Sha1-Hulud: The Second Coming",zapier-scripts,7.8.3
"Sha1-Hulud: The Second Coming",zapier-scripts,7.8.4
"Sha1-Hulud: The Second Coming",zuper-cli,1.0.1
"Sha1-Hulud: The Second Coming",zuper-sdk,1.0.57
"Sha1-Hulud: The Second Coming",zuper-stream,2.0.9
