campaign_name,package_type,package_name,package_version
Sha1-Hulud: The Second Coming,npm,02-echo,0.0.7
Sha1-Hulud: The Second Coming,npm,@accordproject/concerto-analysis,3.24.1
Sha1-Hulud: The Second Coming,npm,@accordproject/concerto-linter,3.24.1
Sha1-Hulud: The Second Coming,npm,@accordproject/concerto-linter-default-ruleset,3.24.1
Sha1-Hulud: The Second Coming,npm,@accordproject/concerto-metamodel,3.12.5
Sha1-Hulud: The Second Coming,npm,@accordproject/concerto-types,3.24.1
Sha1-Hulud: The Second Coming,npm,@accordproject/markdown-it-cicero,0.16.26
Sha1-Hulud: The Second Coming,npm,@accordproject/template-engine,2.7.2
Sha1-Hulud: The Second Coming,npm,@actbase/css-to-react-native-transform,1.0.3
Sha1-Hulud: The Second Coming,npm,@actbase/native,0.1.32
Sha1-Hulud: The Second Coming,npm,@actbase/node-server,1.1.19
Sha1-Hulud: The Second Coming,npm,@actbase/react-absolute,0.8.3
Sha1-Hulud: The Second Coming,npm,@actbase/react-daum-postcode,1.0.5
Sha1-Hulud: The Second Coming,npm,@actbase/react-kakaosdk,0.9.27
Sha1-Hulud: The Second Coming,npm,@actbase/react-native-actionsheet,1.0.3
Sha1-Hulud: The Second Coming,npm,@actbase/react-native-devtools,0.1.3
Sha1-Hulud: The Second Coming,npm,@actbase/react-native-fast-image,8.5.13
Sha1-Hulud: The Second Coming,npm,@actbase/react-native-kakao-channel,1.0.2
Sha1-Hulud: The Second Coming,npm,@actbase/react-native-kakao-navi,2.0.4
Sha1-Hulud: The Second Coming,npm,@actbase/react-native-less-transformer,1.0.6
Sha1-Hulud: The Second Coming,npm,@actbase/react-native-naver-login,1.0.1
Sha1-Hulud: The Second Coming,npm,@actbase/react-native-simple-video,1.0.13
Sha1-Hulud: The Second Coming,npm,@actbase/react-native-tiktok,1.1.3
Sha1-Hulud: The Second Coming,npm,@afetcan/api,0.0.13
Sha1-Hulud: The Second Coming,npm,@afetcan/storage,0.0.27
Sha1-Hulud: The Second Coming,npm,ai-crowl-shield,1.0.7
Sha1-Hulud: The Second Coming,npm,@alaan/s2s-auth,2.0.3
Sha1-Hulud: The Second Coming,npm,@alexadark/amadeus-api,1.0.4
Sha1-Hulud: The Second Coming,npm,@alexadark/gatsby-theme-events,1.0.1
Sha1-Hulud: The Second Coming,npm,@alexadark/gatsby-theme-wordpress-blog,2.0.1
Sha1-Hulud: The Second Coming,npm,@alexadark/reusable-functions,1.5.1
Sha1-Hulud: The Second Coming,npm,@alexcolls/nuxt-socket.io,0.0.7
Sha1-Hulud: The Second Coming,npm,@alexcolls/nuxt-socket.io,0.0.8
Sha1-Hulud: The Second Coming,npm,@alexcolls/nuxt-ux,0.6.1
Sha1-Hulud: The Second Coming,npm,@alexcolls/nuxt-ux,0.6.2
Sha1-Hulud: The Second Coming,npm,@antstackio/eslint-config-antstack,0.0.3
Sha1-Hulud: The Second Coming,npm,@antstackio/express-graphql-proxy,0.2.8
Sha1-Hulud: The Second Coming,npm,@antstackio/graphql-body-parser,0.1.1
Sha1-Hulud: The Second Coming,npm,@antstackio/json-to-graphql,1.0.3
Sha1-Hulud: The Second Coming,npm,@antstackio/shelbysam,1.1.7
Sha1-Hulud: The Second Coming,npm,arc-cli-fc,1.0.1
Sha1-Hulud: The Second Coming,npm,@aryanhussain/my-angular-lib,0.0.23
Sha1-Hulud: The Second Coming,npm,asciitranslator,1.0.3
Sha1-Hulud: The Second Coming,npm,@asyncapi/avro-schema-parser,3.0.25
Sha1-Hulud: The Second Coming,npm,@asyncapi/avro-schema-parser,3.0.26
Sha1-Hulud: The Second Coming,npm,@asyncapi/bundler,0.6.5
Sha1-Hulud: The Second Coming,npm,@asyncapi/bundler,0.6.6
Sha1-Hulud: The Second Coming,npm,@asyncapi/cli,4.1.2
Sha1-Hulud: The Second Coming,npm,@asyncapi/cli,4.1.3
Sha1-Hulud: The Second Coming,npm,@asyncapi/converter,1.6.3
Sha1-Hulud: The Second Coming,npm,@asyncapi/converter,1.6.4
Sha1-Hulud: The Second Coming,npm,@asyncapi/diff,0.5.1
Sha1-Hulud: The Second Coming,npm,@asyncapi/diff,0.5.2
Sha1-Hulud: The Second Coming,npm,@asyncapi/dotnet-rabbitmq-template,1.0.1
Sha1-Hulud: The Second Coming,npm,@asyncapi/dotnet-rabbitmq-template,1.0.2
Sha1-Hulud: The Second Coming,npm,@asyncapi/edavisualiser,1.2.1
Sha1-Hulud: The Second Coming,npm,@asyncapi/edavisualiser,1.2.2
Sha1-Hulud: The Second Coming,npm,@asyncapi/generator,2.8.5
Sha1-Hulud: The Second Coming,npm,@asyncapi/generator,2.8.6
Sha1-Hulud: The Second Coming,npm,@asyncapi/generator-components,0.3.2
Sha1-Hulud: The Second Coming,npm,@asyncapi/generator-components,0.3.3
Sha1-Hulud: The Second Coming,npm,@asyncapi/generator-helpers,0.2.1
Sha1-Hulud: The Second Coming,npm,@asyncapi/generator-helpers,0.2.2
Sha1-Hulud: The Second Coming,npm,@asyncapi/generator-react-sdk,1.1.4
Sha1-Hulud: The Second Coming,npm,@asyncapi/generator-react-sdk,1.1.5
Sha1-Hulud: The Second Coming,npm,@asyncapi/go-watermill-template,0.2.76
Sha1-Hulud: The Second Coming,npm,@asyncapi/go-watermill-template,0.2.77
Sha1-Hulud: The Second Coming,npm,@asyncapi/html-template,3.3.2
Sha1-Hulud: The Second Coming,npm,@asyncapi/html-template,3.3.3
Sha1-Hulud: The Second Coming,npm,@asyncapi/java-spring-cloud-stream-template,0.13.5
Sha1-Hulud: The Second Coming,npm,@asyncapi/java-spring-cloud-stream-template,0.13.6
Sha1-Hulud: The Second Coming,npm,@asyncapi/java-spring-template,1.6.1
Sha1-Hulud: The Second Coming,npm,@asyncapi/java-spring-template,1.6.2
Sha1-Hulud: The Second Coming,npm,@asyncapi/java-template,0.3.5
Sha1-Hulud: The Second Coming,npm,@asyncapi/java-template,0.3.6
Sha1-Hulud: The Second Coming,npm,@asyncapi/keeper,0.0.2
Sha1-Hulud: The Second Coming,npm,@asyncapi/keeper,0.0.3
Sha1-Hulud: The Second Coming,npm,@asyncapi/markdown-template,1.6.8
Sha1-Hulud: The Second Coming,npm,@asyncapi/markdown-template,1.6.9
Sha1-Hulud: The Second Coming,npm,@asyncapi/modelina,5.10.3
Sha1-Hulud: The Second Coming,npm,@asyncapi/modelina-cli,5.10.2
Sha1-Hulud: The Second Coming,npm,@asyncapi/modelina-cli,5.10.3
Sha1-Hulud: The Second Coming,npm,@asyncapi/multi-parser,2.2.1
Sha1-Hulud: The Second Coming,npm,@asyncapi/multi-parser,2.2.2
Sha1-Hulud: The Second Coming,npm,@asyncapi/nodejs-template,3.0.5
Sha1-Hulud: The Second Coming,npm,@asyncapi/nodejs-template,3.0.6
Sha1-Hulud: The Second Coming,npm,@asyncapi/nodejs-ws-template,0.10.1
Sha1-Hulud: The Second Coming,npm,@asyncapi/nodejs-ws-template,0.10.2
Sha1-Hulud: The Second Coming,npm,@asyncapi/nunjucks-filters,2.1.1
Sha1-Hulud: The Second Coming,npm,@asyncapi/nunjucks-filters,2.1.2
Sha1-Hulud: The Second Coming,npm,@asyncapi/openapi-schema-parser,3.0.25
Sha1-Hulud: The Second Coming,npm,@asyncapi/openapi-schema-parser,3.0.26
Sha1-Hulud: The Second Coming,npm,@asyncapi/optimizer,1.0.5
Sha1-Hulud: The Second Coming,npm,@asyncapi/optimizer,1.0.6
Sha1-Hulud: The Second Coming,npm,@asyncapi/parser,3.4.1
Sha1-Hulud: The Second Coming,npm,@asyncapi/parser,3.4.2
Sha1-Hulud: The Second Coming,npm,@asyncapi/php-template,0.1.1
Sha1-Hulud: The Second Coming,npm,@asyncapi/php-template,0.1.2
Sha1-Hulud: The Second Coming,npm,asyncapi-preview,1.0.1
Sha1-Hulud: The Second Coming,npm,asyncapi-preview,1.0.2
Sha1-Hulud: The Second Coming,npm,@asyncapi/problem,1.0.1
Sha1-Hulud: The Second Coming,npm,@asyncapi/problem,1.0.2
Sha1-Hulud: The Second Coming,npm,@asyncapi/protobuf-schema-parser,3.5.2
Sha1-Hulud: The Second Coming,npm,@asyncapi/protobuf-schema-parser,3.5.3
Sha1-Hulud: The Second Coming,npm,@asyncapi/protobuf-schema-parser,3.6.1
Sha1-Hulud: The Second Coming,npm,@asyncapi/python-paho-template,0.2.14
Sha1-Hulud: The Second Coming,npm,@asyncapi/python-paho-template,0.2.15
Sha1-Hulud: The Second Coming,npm,@asyncapi/react-component,2.6.6
Sha1-Hulud: The Second Coming,npm,@asyncapi/react-component,2.6.7
Sha1-Hulud: The Second Coming,npm,@asyncapi/server-api,0.16.24
Sha1-Hulud: The Second Coming,npm,@asyncapi/server-api,0.16.25
Sha1-Hulud: The Second Coming,npm,@asyncapi/specs,6.8.3
Sha1-Hulud: The Second Coming,npm,@asyncapi/specs,6.9.1
Sha1-Hulud: The Second Coming,npm,@asyncapi/studio,1.0.2
Sha1-Hulud: The Second Coming,npm,@asyncapi/studio,1.0.3
Sha1-Hulud: The Second Coming,npm,@asyncapi/web-component,2.6.6
Sha1-Hulud: The Second Coming,npm,@asyncapi/web-component,2.6.7
Sha1-Hulud: The Second Coming,npm,atrix,1.0.1
Sha1-Hulud: The Second Coming,npm,atrix-mongoose,1.0.1
Sha1-Hulud: The Second Coming,npm,automation_model,1.0.491
Sha1-Hulud: The Second Coming,npm,avvvatars-vue,1.1.2
Sha1-Hulud: The Second Coming,npm,axios-builder,1.2.1
Sha1-Hulud: The Second Coming,npm,axios-cancelable,1.0.1
Sha1-Hulud: The Second Coming,npm,axios-cancelable,1.0.2
Sha1-Hulud: The Second Coming,npm,axios-timed,1.0.1
Sha1-Hulud: The Second Coming,npm,axios-timed,1.0.2
Sha1-Hulud: The Second Coming,npm,babel-preset-kinvey-flex-service,0.1.1
Sha1-Hulud: The Second Coming,npm,barebones-css,1.1.3
Sha1-Hulud: The Second Coming,npm,barebones-css,1.1.4
Sha1-Hulud: The Second Coming,npm,@bdkinc/knex-ibmi,0.5.7
Sha1-Hulud: The Second Coming,npm,benmostyn-frame-print,1.0.1
Sha1-Hulud: The Second Coming,npm,best_gpio_controller,1.0.10
Sha1-Hulud: The Second Coming,npm,better-auth-nuxt,0.0.10
Sha1-Hulud: The Second Coming,npm,better-queue-nedb,0.1.5
Sha1-Hulud: The Second Coming,npm,bidirectional-adapter,1.2.2
Sha1-Hulud: The Second Coming,npm,bidirectional-adapter,1.2.3
Sha1-Hulud: The Second Coming,npm,bidirectional-adapter,1.2.4
Sha1-Hulud: The Second Coming,npm,bidirectional-adapter,1.2.5
Sha1-Hulud: The Second Coming,npm,blinqio-executions-cli,1.0.41
Sha1-Hulud: The Second Coming,npm,blob-to-base64,1.0.3
Sha1-Hulud: The Second Coming,npm,bool-expressions,0.1.2
Sha1-Hulud: The Second Coming,npm,@browserbasehq/bb9,1.2.21
Sha1-Hulud: The Second Coming,npm,@browserbasehq/director-ai,1.0.3
Sha1-Hulud: The Second Coming,npm,@browserbasehq/mcp,2.1.1
Sha1-Hulud: The Second Coming,npm,@browserbasehq/mcp-server-browserbase,2.4.2
Sha1-Hulud: The Second Coming,npm,@browserbasehq/sdk-functions,0.0.4
Sha1-Hulud: The Second Coming,npm,@browserbasehq/stagehand,3.0.4
Sha1-Hulud: The Second Coming,npm,@browserbasehq/stagehand-docs,1.0.1
Sha1-Hulud: The Second Coming,npm,buffered-interpolation-babylon6,0.2.8
Sha1-Hulud: The Second Coming,npm,bun-plugin-httpfile,0.1.1
Sha1-Hulud: The Second Coming,npm,bytecode-checker-cli,1.0.10
Sha1-Hulud: The Second Coming,npm,bytecode-checker-cli,1.0.11
Sha1-Hulud: The Second Coming,npm,bytecode-checker-cli,1.0.8
Sha1-Hulud: The Second Coming,npm,bytecode-checker-cli,1.0.9
Sha1-Hulud: The Second Coming,npm,bytes-to-x,1.0.1
Sha1-Hulud: The Second Coming,npm,calc-loan-interest,1.0.4
Sha1-Hulud: The Second Coming,npm,capacitor-plugin-apptrackingios,0.0.21
Sha1-Hulud: The Second Coming,npm,capacitor-plugin-purchase,0.1.1
Sha1-Hulud: The Second Coming,npm,capacitor-plugin-scgssigninwithgoogle,0.0.5
Sha1-Hulud: The Second Coming,npm,capacitor-purchase-history,0.0.10
Sha1-Hulud: The Second Coming,npm,capacitor-voice-recorder-wav,6.0.3
Sha1-Hulud: The Second Coming,npm,@caretive/caret-cli,0.0.2
Sha1-Hulud: The Second Coming,npm,ceviz,0.0.5
Sha1-Hulud: The Second Coming,npm,chrome-extension-downloads,0.0.3
Sha1-Hulud: The Second Coming,npm,chrome-extension-downloads,0.0.4
Sha1-Hulud: The Second Coming,npm,@chtijs/eslint-config,1.0.1
Sha1-Hulud: The Second Coming,npm,claude-token-updater,1.0.3
Sha1-Hulud: The Second Coming,npm,@clausehq/flows-step-httprequest,0.1.14
Sha1-Hulud: The Second Coming,npm,@clausehq/flows-step-jsontoxml,0.1.14
Sha1-Hulud: The Second Coming,npm,@clausehq/flows-step-mqtt,0.1.14
Sha1-Hulud: The Second Coming,npm,@clausehq/flows-step-sendgridemail,0.1.14
Sha1-Hulud: The Second Coming,npm,@clausehq/flows-step-taskscreateurl,0.1.14
Sha1-Hulud: The Second Coming,npm,@cllbk/ghl,1.3.1
Sha1-Hulud: The Second Coming,npm,coinmarketcap-api,3.1.2
Sha1-Hulud: The Second Coming,npm,coinmarketcap-api,3.1.3
Sha1-Hulud: The Second Coming,npm,colors-regex,2.0.1
Sha1-Hulud: The Second Coming,npm,command-irail,0.5.4
Sha1-Hulud: The Second Coming,npm,@commute/bloom,1.0.3
Sha1-Hulud: The Second Coming,npm,@commute/market-data,1.0.2
Sha1-Hulud: The Second Coming,npm,@commute/market-data-chartjs,2.3.1
Sha1-Hulud: The Second Coming,npm,compare-obj,1.1.1
Sha1-Hulud: The Second Coming,npm,compare-obj,1.1.2
Sha1-Hulud: The Second Coming,npm,composite-reducer,1.0.2
Sha1-Hulud: The Second Coming,npm,composite-reducer,1.0.3
Sha1-Hulud: The Second Coming,npm,composite-reducer,1.0.4
Sha1-Hulud: The Second Coming,npm,composite-reducer,1.0.5
Sha1-Hulud: The Second Coming,npm,count-it-down,1.0.1
Sha1-Hulud: The Second Coming,npm,count-it-down,1.0.2
Sha1-Hulud: The Second Coming,npm,cpu-instructions,0.0.14
Sha1-Hulud: The Second Coming,npm,create-director-app,0.1.1
Sha1-Hulud: The Second Coming,npm,create-glee-app,0.2.2
Sha1-Hulud: The Second Coming,npm,create-glee-app,0.2.3
Sha1-Hulud: The Second Coming,npm,create-hardhat3-app,1.1.1
Sha1-Hulud: The Second Coming,npm,create-hardhat3-app,1.1.2
Sha1-Hulud: The Second Coming,npm,create-hardhat3-app,1.1.3
Sha1-Hulud: The Second Coming,npm,create-hardhat3-app,1.1.4
Sha1-Hulud: The Second Coming,npm,create-kinvey-flex-service,0.2.1
Sha1-Hulud: The Second Coming,npm,create-mcp-use-app,0.5.3
Sha1-Hulud: The Second Coming,npm,create-mcp-use-app,0.5.4
Sha1-Hulud: The Second Coming,npm,create-silgi,0.3.1
Sha1-Hulud: The Second Coming,npm,crypto-addr-codec,0.1.9
Sha1-Hulud: The Second Coming,npm,css-dedoupe,0.1.2
Sha1-Hulud: The Second Coming,npm,csv-tool-cli,1.2.1
Sha1-Hulud: The Second Coming,npm,dashboard-empty-state,1.0.3
Sha1-Hulud: The Second Coming,npm,designstudiouiux,1.0.1
Sha1-Hulud: The Second Coming,npm,@dev-blinq/ai-qa-logic,1.0.19
Sha1-Hulud: The Second Coming,npm,@dev-blinq/blinqioclient,1.0.21
Sha1-Hulud: The Second Coming,npm,@dev-blinq/cucumber_client,1.0.738
Sha1-Hulud: The Second Coming,npm,@dev-blinq/cucumber-js,1.0.131
Sha1-Hulud: The Second Coming,npm,@dev-blinq/ui-systems,1.0.93
Sha1-Hulud: The Second Coming,npm,devstart-cli,1.0.6
Sha1-Hulud: The Second Coming,npm,dialogflow-es,1.1.2
Sha1-Hulud: The Second Coming,npm,dialogflow-es,1.1.3
Sha1-Hulud: The Second Coming,npm,dialogflow-es,1.1.4
Sha1-Hulud: The Second Coming,npm,discord-bot-server,0.1.2
Sha1-Hulud: The Second Coming,npm,docusaurus-plugin-vanilla-extract,1.0.3
Sha1-Hulud: The Second Coming,npm,dont-go,1.1.2
Sha1-Hulud: The Second Coming,npm,dotnet-template,0.0.3
Sha1-Hulud: The Second Coming,npm,dotnet-template,0.0.4
Sha1-Hulud: The Second Coming,npm,drop-events-on-property-plugin,0.0.2
Sha1-Hulud: The Second Coming,npm,easypanel-sdk,0.3.2
Sha1-Hulud: The Second Coming,npm,electron-volt,0.0.2
Sha1-Hulud: The Second Coming,npm,email-deliverability-tester,1.1.1
Sha1-Hulud: The Second Coming,npm,enforce-branch-name,1.1.3
Sha1-Hulud: The Second Coming,npm,@ensdomains/address-encoder,1.1.5
Sha1-Hulud: The Second Coming,npm,@ensdomains/blacklist,1.0.1
Sha1-Hulud: The Second Coming,npm,@ensdomains/buffer,0.1.2
Sha1-Hulud: The Second Coming,npm,@ensdomains/ccip-read-cf-worker,0.0.4
Sha1-Hulud: The Second Coming,npm,@ensdomains/ccip-read-dns-gateway,0.1.1
Sha1-Hulud: The Second Coming,npm,@ensdomains/ccip-read-router,0.0.7
Sha1-Hulud: The Second Coming,npm,@ensdomains/ccip-read-worker-viem,0.0.4
Sha1-Hulud: The Second Coming,npm,@ensdomains/content-hash,3.0.1
Sha1-Hulud: The Second Coming,npm,@ensdomains/curvearithmetics,1.0.1
Sha1-Hulud: The Second Coming,npm,@ensdomains/cypress-metamask,1.2.1
Sha1-Hulud: The Second Coming,npm,@ensdomains/dnsprovejs,0.5.3
Sha1-Hulud: The Second Coming,npm,@ensdomains/dnssec-oracle-anchors,0.0.2
Sha1-Hulud: The Second Coming,npm,@ensdomains/dnssecoraclejs,0.2.9
Sha1-Hulud: The Second Coming,npm,@ensdomains/durin,0.1.2
Sha1-Hulud: The Second Coming,npm,@ensdomains/durin-middleware,0.0.2
Sha1-Hulud: The Second Coming,npm,@ensdomains/ens-archived-contracts,0.0.3
Sha1-Hulud: The Second Coming,npm,@ensdomains/ens-avatar,1.0.4
Sha1-Hulud: The Second Coming,npm,@ensdomains/ens-contracts,1.6.1
Sha1-Hulud: The Second Coming,npm,@ensdomains/ensjs,4.0.3
Sha1-Hulud: The Second Coming,npm,@ensdomains/ensjs-react,0.0.5
Sha1-Hulud: The Second Coming,npm,@ensdomains/ens-test-env,1.0.2
Sha1-Hulud: The Second Coming,npm,@ensdomains/ens-validation,0.1.1
Sha1-Hulud: The Second Coming,npm,@ensdomains/eth-ens-namehash,2.0.16
Sha1-Hulud: The Second Coming,npm,@ensdomains/hackathon-registrar,1.0.5
Sha1-Hulud: The Second Coming,npm,@ensdomains/hardhat-chai-matchers-viem,0.1.15
Sha1-Hulud: The Second Coming,npm,@ensdomains/hardhat-toolbox-viem-extended,0.0.6
Sha1-Hulud: The Second Coming,npm,@ensdomains/mock,2.1.52
Sha1-Hulud: The Second Coming,npm,@ensdomains/name-wrapper,1.0.1
Sha1-Hulud: The Second Coming,npm,@ensdomains/offchain-resolver-contracts,0.2.2
Sha1-Hulud: The Second Coming,npm,@ensdomains/op-resolver-contracts,0.0.2
Sha1-Hulud: The Second Coming,npm,@ensdomains/react-ens-address,0.0.32
Sha1-Hulud: The Second Coming,npm,@ensdomains/renewal,0.0.13
Sha1-Hulud: The Second Coming,npm,@ensdomains/renewal-widget,0.1.10
Sha1-Hulud: The Second Coming,npm,@ensdomains/reverse-records,1.0.1
Sha1-Hulud: The Second Coming,npm,@ensdomains/server-analytics,0.0.2
Sha1-Hulud: The Second Coming,npm,@ensdomains/solsha1,0.0.4
Sha1-Hulud: The Second Coming,npm,@ensdomains/subdomain-registrar,0.2.4
Sha1-Hulud: The Second Coming,npm,@ensdomains/test-utils,1.3.1
Sha1-Hulud: The Second Coming,npm,@ensdomains/thorin,0.6.51
Sha1-Hulud: The Second Coming,npm,@ensdomains/ui,3.4.6
Sha1-Hulud: The Second Coming,npm,@ensdomains/unicode-confusables,0.1.1
Sha1-Hulud: The Second Coming,npm,@ensdomains/unruggable-gateways,0.0.3
Sha1-Hulud: The Second Coming,npm,@ensdomains/vite-plugin-i18next-loader,4.0.4
Sha1-Hulud: The Second Coming,npm,@ensdomains/web3modal,1.10.2
Sha1-Hulud: The Second Coming,npm,esbuild-plugin-brotli,0.2.1
Sha1-Hulud: The Second Coming,npm,esbuild-plugin-eta,0.1.1
Sha1-Hulud: The Second Coming,npm,esbuild-plugin-httpfile,0.4.1
Sha1-Hulud: The Second Coming,npm,eslint-config-kinvey-flex-service,0.1.1
Sha1-Hulud: The Second Coming,npm,eslint-config-nitpicky,4.0.1
Sha1-Hulud: The Second Coming,npm,eslint-config-trigo,22.0.2
Sha1-Hulud: The Second Coming,npm,eslint-config-zeallat-base,1.0.4
Sha1-Hulud: The Second Coming,npm,ethereum-ens,0.8.1
Sha1-Hulud: The Second Coming,npm,@everreal/react-charts,2.0.2
Sha1-Hulud: The Second Coming,npm,@everreal/validate-esmoduleinterop-imports,1.4.4
Sha1-Hulud: The Second Coming,npm,@everreal/validate-esmoduleinterop-imports,1.4.5
Sha1-Hulud: The Second Coming,npm,@everreal/web-analytics,0.0.2
Sha1-Hulud: The Second Coming,npm,evm-checkcode-cli,1.0.12
Sha1-Hulud: The Second Coming,npm,evm-checkcode-cli,1.0.13
Sha1-Hulud: The Second Coming,npm,evm-checkcode-cli,1.0.14
Sha1-Hulud: The Second Coming,npm,evm-checkcode-cli,1.0.15
Sha1-Hulud: The Second Coming,npm,exact-ticker,0.3.5
Sha1-Hulud: The Second Coming,npm,expo-audio-session,0.2.1
Sha1-Hulud: The Second Coming,npm,expo-router-on-rails,0.0.4
Sha1-Hulud: The Second Coming,npm,expressos,1.1.3
Sha1-Hulud: The Second Coming,npm,express-starter-template,1.0.10
Sha1-Hulud: The Second Coming,npm,@faq-component/core,0.0.4
Sha1-Hulud: The Second Coming,npm,@faq-component/react,1.0.1
Sha1-Hulud: The Second Coming,npm,fat-fingered,1.0.1
Sha1-Hulud: The Second Coming,npm,fat-fingered,1.0.2
Sha1-Hulud: The Second Coming,npm,feature-flip,1.0.1
Sha1-Hulud: The Second Coming,npm,feature-flip,1.0.2
Sha1-Hulud: The Second Coming,npm,firestore-search-engine,1.2.3
Sha1-Hulud: The Second Coming,npm,@fishingbooker/browser-sync-plugin,1.0.5
Sha1-Hulud: The Second Coming,npm,@fishingbooker/react-loader,1.0.7
Sha1-Hulud: The Second Coming,npm,@fishingbooker/react-pagination,2.0.6
Sha1-Hulud: The Second Coming,npm,@fishingbooker/react-raty,2.0.1
Sha1-Hulud: The Second Coming,npm,@fishingbooker/react-swiper,0.1.5
Sha1-Hulud: The Second Coming,npm,fittxt,1.0.2
Sha1-Hulud: The Second Coming,npm,fittxt,1.0.3
Sha1-Hulud: The Second Coming,npm,flapstacks,1.0.1
Sha1-Hulud: The Second Coming,npm,flapstacks,1.0.2
Sha1-Hulud: The Second Coming,npm,flatten-unflatten,1.0.1
Sha1-Hulud: The Second Coming,npm,flatten-unflatten,1.0.2
Sha1-Hulud: The Second Coming,npm,formik-error-focus,2.0.1
Sha1-Hulud: The Second Coming,npm,formik-store,1.0.1
Sha1-Hulud: The Second Coming,npm,frontity-starter-theme,1.0.1
Sha1-Hulud: The Second Coming,npm,fuzzy-finder,1.0.5
Sha1-Hulud: The Second Coming,npm,fuzzy-finder,1.0.6
Sha1-Hulud: The Second Coming,npm,gate-evm-check-code2,2.0.3
Sha1-Hulud: The Second Coming,npm,gate-evm-check-code2,2.0.4
Sha1-Hulud: The Second Coming,npm,gate-evm-check-code2,2.0.5
Sha1-Hulud: The Second Coming,npm,gate-evm-check-code2,2.0.6
Sha1-Hulud: The Second Coming,npm,gate-evm-tools-test,1.0.5
Sha1-Hulud: The Second Coming,npm,gate-evm-tools-test,1.0.6
Sha1-Hulud: The Second Coming,npm,gate-evm-tools-test,1.0.7
Sha1-Hulud: The Second Coming,npm,gate-evm-tools-test,1.0.8
Sha1-Hulud: The Second Coming,npm,gatsby-plugin-antd,2.2.1
Sha1-Hulud: The Second Coming,npm,gatsby-plugin-cname,1.0.1
Sha1-Hulud: The Second Coming,npm,gatsby-plugin-cname,1.0.2
Sha1-Hulud: The Second Coming,npm,generator-meteor-stock,0.1.6
Sha1-Hulud: The Second Coming,npm,generator-ng-itobuz,0.0.15
Sha1-Hulud: The Second Coming,npm,get-them-args,1.3.3
Sha1-Hulud: The Second Coming,npm,github-action-for-generator,2.1.27
Sha1-Hulud: The Second Coming,npm,github-action-for-generator,2.1.28
Sha1-Hulud: The Second Coming,npm,gitsafe,1.0.5
Sha1-Hulud: The Second Coming,npm,go-template,0.1.8
Sha1-Hulud: The Second Coming,npm,go-template,0.1.9
Sha1-Hulud: The Second Coming,npm,gulp-inject-envs,1.2.1
Sha1-Hulud: The Second Coming,npm,gulp-inject-envs,1.2.2
Sha1-Hulud: The Second Coming,npm,@hapheus/n8n-nodes-pgp,1.5.1
Sha1-Hulud: The Second Coming,npm,haufe-axera-api-client,0.0.2
Sha1-Hulud: The Second Coming,npm,hopedraw,1.0.3
Sha1-Hulud: The Second Coming,npm,hope-mapboxdraw,0.1.1
Sha1-Hulud: The Second Coming,npm,@hover-design/core,0.0.1
Sha1-Hulud: The Second Coming,npm,hover-design-prototype,0.0.5
Sha1-Hulud: The Second Coming,npm,@hover-design/react,0.2.1
Sha1-Hulud: The Second Coming,npm,httpness,1.0.2
Sha1-Hulud: The Second Coming,npm,httpness,1.0.3
Sha1-Hulud: The Second Coming,npm,@huntersofbook/auth-vue,0.4.2
Sha1-Hulud: The Second Coming,npm,@huntersofbook/core,0.5.1
Sha1-Hulud: The Second Coming,npm,@huntersofbook/core-nuxt,0.4.2
Sha1-Hulud: The Second Coming,npm,@huntersofbook/form-naiveui,0.5.1
Sha1-Hulud: The Second Coming,npm,@huntersofbook/i18n,0.8.2
Sha1-Hulud: The Second Coming,npm,@huntersofbook/ui,0.5.1
Sha1-Hulud: The Second Coming,npm,hyper-fullfacing,1.0.3
Sha1-Hulud: The Second Coming,npm,@hyperlook/telemetry-sdk,1.0.19
Sha1-Hulud: The Second Coming,npm,hyperterm-hipster,1.0.7
Sha1-Hulud: The Second Coming,npm,ids-css,1.5.1
Sha1-Hulud: The Second Coming,npm,ids-enterprise-mcp-server,0.0.2
Sha1-Hulud: The Second Coming,npm,ids-enterprise-typings,20.1.6
Sha1-Hulud: The Second Coming,npm,@ifelsedeveloper/protocol-contracts-svm-idl,0.1.2
Sha1-Hulud: The Second Coming,npm,@ifelsedeveloper/protocol-contracts-svm-idl,0.1.3
Sha1-Hulud: The Second Coming,npm,@ifings/design-system,4.9.2
Sha1-Hulud: The Second Coming,npm,@ifings/metatron3,0.1.5
Sha1-Hulud: The Second Coming,npm,image-to-uri,1.0.1
Sha1-Hulud: The Second Coming,npm,image-to-uri,1.0.2
Sha1-Hulud: The Second Coming,npm,insomnia-plugin-random-pick,1.0.4
Sha1-Hulud: The Second Coming,npm,invo,0.2.2
Sha1-Hulud: The Second Coming,npm,iron-shield-miniapp,0.0.2
Sha1-Hulud: The Second Coming,npm,ito-button,8.0.3
Sha1-Hulud: The Second Coming,npm,itobuz-angular,0.0.1
Sha1-Hulud: The Second Coming,npm,itobuz-angular-auth,8.0.11
Sha1-Hulud: The Second Coming,npm,itobuz-angular-button,8.0.11
Sha1-Hulud: The Second Coming,npm,jacob-zuma,1.0.1
Sha1-Hulud: The Second Coming,npm,jacob-zuma,1.0.2
Sha1-Hulud: The Second Coming,npm,jaetut-varit-test,1.0.2
Sha1-Hulud: The Second Coming,npm,jan-browser,0.13.1
Sha1-Hulud: The Second Coming,npm,@jayeshsadhwani/telemetry-sdk,1.0.14
Sha1-Hulud: The Second Coming,npm,jquery-bindings,1.1.2
Sha1-Hulud: The Second Coming,npm,jquery-bindings,1.1.3
Sha1-Hulud: The Second Coming,npm,jsonsurge,1.0.7
Sha1-Hulud: The Second Coming,npm,just-toasty,1.7.1
Sha1-Hulud: The Second Coming,npm,kill-port,2.0.2
Sha1-Hulud: The Second Coming,npm,kill-port,2.0.3
Sha1-Hulud: The Second Coming,npm,kinetix-default-token-list,1.0.5
Sha1-Hulud: The Second Coming,npm,kinvey-cli-wrapper,0.3.1
Sha1-Hulud: The Second Coming,npm,kinvey-flex-scripts,0.5.1
Sha1-Hulud: The Second Coming,npm,kns-error-code,1.0.8
Sha1-Hulud: The Second Coming,npm,korea-administrative-area-geo-json-util,1.0.7
Sha1-Hulud: The Second Coming,npm,@kvytech/cli,0.0.7
Sha1-Hulud: The Second Coming,npm,@kvytech/components,0.0.2
Sha1-Hulud: The Second Coming,npm,@kvytech/habbit-e2e-test,0.0.2
Sha1-Hulud: The Second Coming,npm,@kvytech/medusa-plugin-announcement,0.0.8
Sha1-Hulud: The Second Coming,npm,@kvytech/medusa-plugin-management,0.0.5
Sha1-Hulud: The Second Coming,npm,@kvytech/medusa-plugin-newsletter,0.0.5
Sha1-Hulud: The Second Coming,npm,@kvytech/medusa-plugin-product-reviews,0.0.9
Sha1-Hulud: The Second Coming,npm,@kvytech/medusa-plugin-promotion,0.0.2
Sha1-Hulud: The Second Coming,npm,@kvytech/web,0.0.2
Sha1-Hulud: The Second Coming,npm,kwami,1.5.10
Sha1-Hulud: The Second Coming,npm,kwami,1.5.9
Sha1-Hulud: The Second Coming,npm,lang-codes,1.0.1
Sha1-Hulud: The Second Coming,npm,lang-codes,1.0.2
Sha1-Hulud: The Second Coming,npm,@lessondesk/api-client,9.12.2
Sha1-Hulud: The Second Coming,npm,@lessondesk/api-client,9.12.3
Sha1-Hulud: The Second Coming,npm,@lessondesk/babel-preset,1.0.1
Sha1-Hulud: The Second Coming,npm,@lessondesk/electron-group-api-client,1.0.3
Sha1-Hulud: The Second Coming,npm,@lessondesk/eslint-config,1.4.2
Sha1-Hulud: The Second Coming,npm,@lessondesk/material-icons,1.0.3
Sha1-Hulud: The Second Coming,npm,@lessondesk/react-table-context,2.0.4
Sha1-Hulud: The Second Coming,npm,@lessondesk/schoolbus,5.2.2
Sha1-Hulud: The Second Coming,npm,@lessondesk/schoolbus,5.2.3
Sha1-Hulud: The Second Coming,npm,license-o-matic,1.2.1
Sha1-Hulud: The Second Coming,npm,license-o-matic,1.2.2
Sha1-Hulud: The Second Coming,npm,lint-staged-imagemin,1.3.1
Sha1-Hulud: The Second Coming,npm,lint-staged-imagemin,1.3.2
Sha1-Hulud: The Second Coming,npm,lite-serper-mcp-server,0.2.2
Sha1-Hulud: The Second Coming,npm,@livecms/live-edit,0.0.32
Sha1-Hulud: The Second Coming,npm,@livecms/nuxt-live-edit,1.9.2
Sha1-Hulud: The Second Coming,npm,@lokeswari-satyanarayanan/rn-zustand-expo-template,1.0.9
Sha1-Hulud: The Second Coming,npm,@louisle2/core,1.0.1
Sha1-Hulud: The Second Coming,npm,@louisle2/cortex-js,0.1.6
Sha1-Hulud: The Second Coming,npm,@lpdjs/firestore-repo-service,1.0.1
Sha1-Hulud: The Second Coming,npm,@lui-ui/lui-nuxt,0.1.1
Sha1-Hulud: The Second Coming,npm,@lui-ui/lui-tailwindcss,0.1.2
Sha1-Hulud: The Second Coming,npm,@lui-ui/lui-vue,1.0.13
Sha1-Hulud: The Second Coming,npm,lui-vue-test,0.70.9
Sha1-Hulud: The Second Coming,npm,luno-api,1.2.3
Sha1-Hulud: The Second Coming,npm,m25-transaction-utils,1.1.16
Sha1-Hulud: The Second Coming,npm,manual-billing-system-miniapp-api,1.3.1
Sha1-Hulud: The Second Coming,npm,@markvivanco/app-version-checker,1.0.2
Sha1-Hulud: The Second Coming,npm,mcp-use,1.4.2
Sha1-Hulud: The Second Coming,npm,mcp-use,1.4.3
Sha1-Hulud: The Second Coming,npm,@mcp-use/cli,2.2.6
Sha1-Hulud: The Second Coming,npm,@mcp-use/cli,2.2.7
Sha1-Hulud: The Second Coming,npm,@mcp-use/inspector,0.6.2
Sha1-Hulud: The Second Coming,npm,@mcp-use/inspector,0.6.3
Sha1-Hulud: The Second Coming,npm,@mcp-use/mcp-use,1.0.1
Sha1-Hulud: The Second Coming,npm,@mcp-use/mcp-use,1.0.2
Sha1-Hulud: The Second Coming,npm,medusa-plugin-announcement,0.0.3
Sha1-Hulud: The Second Coming,npm,medusa-plugin-logs,0.0.17
Sha1-Hulud: The Second Coming,npm,medusa-plugin-momo,0.0.68
Sha1-Hulud: The Second Coming,npm,medusa-plugin-product-reviews-kvy,0.0.4
Sha1-Hulud: The Second Coming,npm,medusa-plugin-zalopay,0.0.40
Sha1-Hulud: The Second Coming,npm,@micado-digital/stadtmarketing-kufstein-external,1.9.1
Sha1-Hulud: The Second Coming,npm,@mizzle-dev/orm,0.0.2
Sha1-Hulud: The Second Coming,npm,mod10-check-digit,1.0.1
Sha1-Hulud: The Second Coming,npm,mon-package-react-typescript,1.0.1
Sha1-Hulud: The Second Coming,npm,my-saeed-lib,0.1.1
Sha1-Hulud: The Second Coming,npm,n8n-nodes-tmdb,0.5.1
Sha1-Hulud: The Second Coming,npm,n8n-nodes-vercel-ai-sdk,0.1.7
Sha1-Hulud: The Second Coming,npm,n8n-nodes-viral-app,0.2.5
Sha1-Hulud: The Second Coming,npm,nanoreset,7.0.1
Sha1-Hulud: The Second Coming,npm,nanoreset,7.0.2
Sha1-Hulud: The Second Coming,npm,next-circular-dependency,1.0.2
Sha1-Hulud: The Second Coming,npm,next-circular-dependency,1.0.3
Sha1-Hulud: The Second Coming,npm,next-simple-google-analytics,1.1.1
Sha1-Hulud: The Second Coming,npm,next-simple-google-analytics,1.1.2
Sha1-Hulud: The Second Coming,npm,next-styled-nprogress,1.0.4
Sha1-Hulud: The Second Coming,npm,next-styled-nprogress,1.0.5
Sha1-Hulud: The Second Coming,npm,ngx-useful-swiper-prosenjit,9.0.2
Sha1-Hulud: The Second Coming,npm,ngx-wooapi,12.0.1
Sha1-Hulud: The Second Coming,npm,nitrodeploy,1.0.8
Sha1-Hulud: The Second Coming,npm,nitro-graphql,1.5.12
Sha1-Hulud: The Second Coming,npm,nitro-kutu,0.1.1
Sha1-Hulud: The Second Coming,npm,nitroping,0.1.1
Sha1-Hulud: The Second Coming,npm,normal-store,1.3.1
Sha1-Hulud: The Second Coming,npm,normal-store,1.3.2
Sha1-Hulud: The Second Coming,npm,normal-store,1.3.3
Sha1-Hulud: The Second Coming,npm,normal-store,1.3.4
Sha1-Hulud: The Second Coming,npm,@ntnx/passport-wso2,0.0.3
Sha1-Hulud: The Second Coming,npm,@ntnx/t,0.0.101
Sha1-Hulud: The Second Coming,npm,nuxt-keycloak,0.2.2
Sha1-Hulud: The Second Coming,npm,obj-to-css,1.0.2
Sha1-Hulud: The Second Coming,npm,obj-to-css,1.0.3
Sha1-Hulud: The Second Coming,npm,okta-react-router-6,5.0.1
Sha1-Hulud: The Second Coming,npm,@oku-ui/accordion,0.6.2
Sha1-Hulud: The Second Coming,npm,@oku-ui/alert-dialog,0.6.2
Sha1-Hulud: The Second Coming,npm,@oku-ui/arrow,0.6.2
Sha1-Hulud: The Second Coming,npm,@oku-ui/aspect-ratio,0.6.2
Sha1-Hulud: The Second Coming,npm,@oku-ui/avatar,0.6.2
Sha1-Hulud: The Second Coming,npm,@oku-ui/checkbox,0.6.3
Sha1-Hulud: The Second Coming,npm,@oku-ui/collapsible,0.6.2
Sha1-Hulud: The Second Coming,npm,@oku-ui/collection,0.6.2
Sha1-Hulud: The Second Coming,npm,@oku-ui/dialog,0.6.2
Sha1-Hulud: The Second Coming,npm,@oku-ui/direction,0.6.2
Sha1-Hulud: The Second Coming,npm,@oku-ui/dismissable-layer,0.6.2
Sha1-Hulud: The Second Coming,npm,@oku-ui/focus-guards,0.6.2
Sha1-Hulud: The Second Coming,npm,@oku-ui/focus-scope,0.6.2
Sha1-Hulud: The Second Coming,npm,@oku-ui/hover-card,0.6.2
Sha1-Hulud: The Second Coming,npm,@oku-ui/label,0.6.2
Sha1-Hulud: The Second Coming,npm,@oku-ui/menu,0.6.2
Sha1-Hulud: The Second Coming,npm,@oku-ui/motion,0.4.4
Sha1-Hulud: The Second Coming,npm,@oku-ui/motion-nuxt,0.2.2
Sha1-Hulud: The Second Coming,npm,@oku-ui/popover,0.6.2
Sha1-Hulud: The Second Coming,npm,@oku-ui/popper,0.6.2
Sha1-Hulud: The Second Coming,npm,@oku-ui/portal,0.6.2
Sha1-Hulud: The Second Coming,npm,@oku-ui/presence,0.6.2
Sha1-Hulud: The Second Coming,npm,@oku-ui/primitive,0.6.2
Sha1-Hulud: The Second Coming,npm,@oku-ui/primitives,0.7.9
Sha1-Hulud: The Second Coming,npm,@oku-ui/primitives-nuxt,0.3.1
Sha1-Hulud: The Second Coming,npm,@oku-ui/progress,0.6.2
Sha1-Hulud: The Second Coming,npm,@oku-ui/provide,0.6.2
Sha1-Hulud: The Second Coming,npm,@oku-ui/radio-group,0.6.2
Sha1-Hulud: The Second Coming,npm,@oku-ui/roving-focus,0.6.2
Sha1-Hulud: The Second Coming,npm,@oku-ui/scroll-area,0.6.2
Sha1-Hulud: The Second Coming,npm,@oku-ui/separator,0.6.2
Sha1-Hulud: The Second Coming,npm,@oku-ui/slider,0.6.2
Sha1-Hulud: The Second Coming,npm,@oku-ui/slot,0.6.2
Sha1-Hulud: The Second Coming,npm,@oku-ui/switch,0.6.2
Sha1-Hulud: The Second Coming,npm,@oku-ui/tabs,0.6.2
Sha1-Hulud: The Second Coming,npm,@oku-ui/toast,0.6.2
Sha1-Hulud: The Second Coming,npm,@oku-ui/toggle,0.6.2
Sha1-Hulud: The Second Coming,npm,@oku-ui/toggle-group,0.6.2
Sha1-Hulud: The Second Coming,npm,@oku-ui/toolbar,0.6.2
Sha1-Hulud: The Second Coming,npm,@oku-ui/tooltip,0.6.2
Sha1-Hulud: The Second Coming,npm,@oku-ui/use-composable,0.6.2
Sha1-Hulud: The Second Coming,npm,@oku-ui/utils,0.6.2
Sha1-Hulud: The Second Coming,npm,@oku-ui/visually-hidden,0.6.2
Sha1-Hulud: The Second Coming,npm,open2internet,0.1.1
Sha1-Hulud: The Second Coming,npm,orbit-boxicons,2.1.3
Sha1-Hulud: The Second Coming,npm,@orbitgtbelgium/mapbox-gl-draw-cut-polygon-mode,2.0.5
Sha1-Hulud: The Second Coming,npm,@orbitgtbelgium/mapbox-gl-draw-scale-rotate-mode,1.1.1
Sha1-Hulud: The Second Coming,npm,@orbitgtbelgium/orbit-components,1.2.9
Sha1-Hulud: The Second Coming,npm,@orbitgtbelgium/time-slider,1.0.187
Sha1-Hulud: The Second Coming,npm,orbit-nebula-draw-tools,1.0.10
Sha1-Hulud: The Second Coming,npm,orbit-nebula-editor,1.0.2
Sha1-Hulud: The Second Coming,npm,orbit-soap,0.43.13
Sha1-Hulud: The Second Coming,npm,orchestrix,12.1.2
Sha1-Hulud: The Second Coming,npm,@osmanekrem/bmad,1.0.6
Sha1-Hulud: The Second Coming,npm,@osmanekrem/error-handler,1.2.2
Sha1-Hulud: The Second Coming,npm,package-tester,1.0.1
Sha1-Hulud: The Second Coming,npm,parcel-plugin-asset-copier,1.1.2
Sha1-Hulud: The Second Coming,npm,parcel-plugin-asset-copier,1.1.3
Sha1-Hulud: The Second Coming,npm,pdf-annotation,0.0.2
Sha1-Hulud: The Second Coming,npm,pergel,0.13.2
Sha1-Hulud: The Second Coming,npm,@pergel/cli,0.11.1
Sha1-Hulud: The Second Coming,npm,@pergel/module-box,0.6.1
Sha1-Hulud: The Second Coming,npm,@pergel/module-graphql,0.6.1
Sha1-Hulud: The Second Coming,npm,@pergel/module-ui,0.0.9
Sha1-Hulud: The Second Coming,npm,@pergel/nuxt,0.25.5
Sha1-Hulud: The Second Coming,npm,pergeltest,0.0.25
Sha1-Hulud: The Second Coming,npm,piclite,1.0.1
Sha1-Hulud: The Second Coming,npm,pico-uid,1.0.3
Sha1-Hulud: The Second Coming,npm,pico-uid,1.0.4
Sha1-Hulud: The Second Coming,npm,pkg-readme,1.1.1
Sha1-Hulud: The Second Coming,npm,poper-react-sdk,0.1.2
Sha1-Hulud: The Second Coming,npm,@posthog/agent,1.24.1
Sha1-Hulud: The Second Coming,npm,@posthog/ai,7.1.2
Sha1-Hulud: The Second Coming,npm,@posthog/automatic-cohorts-plugin,0.0.8
Sha1-Hulud: The Second Coming,npm,@posthog/bitbucket-release-tracker,0.0.8
Sha1-Hulud: The Second Coming,npm,@posthog/cli,0.5.15
Sha1-Hulud: The Second Coming,npm,@posthog/clickhouse,1.7.1
Sha1-Hulud: The Second Coming,npm,@posthog/core,1.5.6
Sha1-Hulud: The Second Coming,npm,@posthog/currency-normalization-plugin,0.0.8
Sha1-Hulud: The Second Coming,npm,@posthog/customerio-plugin,0.0.8
Sha1-Hulud: The Second Coming,npm,@posthog/databricks-plugin,0.0.8
Sha1-Hulud: The Second Coming,npm,posthog-docusaurus,2.0.6
Sha1-Hulud: The Second Coming,npm,@posthog/drop-events-on-property-plugin,0.0.8
Sha1-Hulud: The Second Coming,npm,@posthog/event-sequence-timer-plugin,0.0.8
Sha1-Hulud: The Second Coming,npm,@posthog/filter-out-plugin,0.0.8
Sha1-Hulud: The Second Coming,npm,@posthog/first-time-event-tracker,0.0.8
Sha1-Hulud: The Second Coming,npm,@posthog/geoip-plugin,0.0.8
Sha1-Hulud: The Second Coming,npm,@posthog/github-release-tracking-plugin,0.0.8
Sha1-Hulud: The Second Coming,npm,@posthog/gitub-star-sync-plugin,0.0.8
Sha1-Hulud: The Second Coming,npm,@posthog/heartbeat-plugin,0.0.8
Sha1-Hulud: The Second Coming,npm,@posthog/hedgehog-mode,0.0.42
Sha1-Hulud: The Second Coming,npm,@posthog/icons,0.36.1
Sha1-Hulud: The Second Coming,npm,@posthog/ingestion-alert-plugin,0.0.8
Sha1-Hulud: The Second Coming,npm,@posthog/intercom-plugin,0.0.8
Sha1-Hulud: The Second Coming,npm,posthog-js,1.297.3
Sha1-Hulud: The Second Coming,npm,@posthog/kinesis-plugin,0.0.8
Sha1-Hulud: The Second Coming,npm,@posthog/laudspeaker-plugin,0.0.8
Sha1-Hulud: The Second Coming,npm,@posthog/lemon-ui,0.0.1
Sha1-Hulud: The Second Coming,npm,@posthog/maxmind-plugin,0.1.6
Sha1-Hulud: The Second Coming,npm,@posthog/migrator3000-plugin,0.0.8
Sha1-Hulud: The Second Coming,npm,@posthog/netdata-event-processing,0.0.8
Sha1-Hulud: The Second Coming,npm,@posthog/nextjs,0.0.3
Sha1-Hulud: The Second Coming,npm,@posthog/nextjs-config,1.5.1
Sha1-Hulud: The Second Coming,npm,posthog-node,4.18.1
Sha1-Hulud: The Second Coming,npm,posthog-node,5.13.3
Sha1-Hulud: The Second Coming,npm,@posthog/nuxt,1.2.9
Sha1-Hulud: The Second Coming,npm,@posthog/pagerduty-plugin,0.0.8
Sha1-Hulud: The Second Coming,npm,@posthog/piscina,3.2.1
Sha1-Hulud: The Second Coming,npm,@posthog/plugin-contrib,0.0.6
Sha1-Hulud: The Second Coming,npm,posthog-plugin-hello-world,1.0.1
Sha1-Hulud: The Second Coming,npm,@posthog/plugin-server,1.10.8
Sha1-Hulud: The Second Coming,npm,@posthog/plugin-unduplicates,0.0.8
Sha1-Hulud: The Second Coming,npm,@posthog/postgres-plugin,0.0.8
Sha1-Hulud: The Second Coming,npm,posthog-react-native,4.11.1
Sha1-Hulud: The Second Coming,npm,posthog-react-native,4.12.5
Sha1-Hulud: The Second Coming,npm,posthog-react-native-session-replay,1.2.2
Sha1-Hulud: The Second Coming,npm,@posthog/react-rrweb-player,1.1.4
Sha1-Hulud: The Second Coming,npm,@posthog/rrdom,0.0.31
Sha1-Hulud: The Second Coming,npm,@posthog/rrweb,0.0.31
Sha1-Hulud: The Second Coming,npm,@posthog/rrweb-player,0.0.31
Sha1-Hulud: The Second Coming,npm,@posthog/rrweb-record,0.0.31
Sha1-Hulud: The Second Coming,npm,@posthog/rrweb-replay,0.0.19
Sha1-Hulud: The Second Coming,npm,@posthog/rrweb-snapshot,0.0.31
Sha1-Hulud: The Second Coming,npm,@posthog/rrweb-utils,0.0.31
Sha1-Hulud: The Second Coming,npm,@posthog/sendgrid-plugin,0.0.8
Sha1-Hulud: The Second Coming,npm,@posthog/siphash,1.1.2
Sha1-Hulud: The Second Coming,npm,@posthog/snowflake-export-plugin,0.0.8
Sha1-Hulud: The Second Coming,npm,@posthog/taxonomy-plugin,0.0.8
Sha1-Hulud: The Second Coming,npm,@posthog/twilio-plugin,0.0.8
Sha1-Hulud: The Second Coming,npm,@posthog/twitter-followers-plugin,0.0.8
Sha1-Hulud: The Second Coming,npm,@posthog/url-normalizer-plugin,0.0.8
Sha1-Hulud: The Second Coming,npm,@posthog/variance-plugin,0.0.8
Sha1-Hulud: The Second Coming,npm,@posthog/web-dev-server,1.0.5
Sha1-Hulud: The Second Coming,npm,@posthog/wizard,1.18.1
Sha1-Hulud: The Second Coming,npm,@posthog/zendesk-plugin,0.0.8
Sha1-Hulud: The Second Coming,npm,@postman/csv-parse,4.0.3
Sha1-Hulud: The Second Coming,npm,@postman/csv-parse,4.0.5
Sha1-Hulud: The Second Coming,npm,@postman/final-node-keytar,7.9.1
Sha1-Hulud: The Second Coming,npm,@postman/final-node-keytar,7.9.2
Sha1-Hulud: The Second Coming,npm,@postman/final-node-keytar,7.9.3
Sha1-Hulud: The Second Coming,npm,@postman/mcp-ui-client,5.5.1
Sha1-Hulud: The Second Coming,npm,@postman/mcp-ui-client,5.5.3
Sha1-Hulud: The Second Coming,npm,@postman/node-keytar,7.9.4
Sha1-Hulud: The Second Coming,npm,@postman/node-keytar,7.9.6
Sha1-Hulud: The Second Coming,npm,@postman/pm-bin-linux-x64,1.24.3
Sha1-Hulud: The Second Coming,npm,@postman/pm-bin-linux-x64,1.24.4
Sha1-Hulud: The Second Coming,npm,@postman/pm-bin-linux-x64,1.24.5
Sha1-Hulud: The Second Coming,npm,@postman/pm-bin-macos-arm64,1.24.3
Sha1-Hulud: The Second Coming,npm,@postman/pm-bin-macos-arm64,1.24.5
Sha1-Hulud: The Second Coming,npm,@postman/pm-bin-macos-x64,1.24.3
Sha1-Hulud: The Second Coming,npm,@postman/pm-bin-macos-x64,1.24.5
Sha1-Hulud: The Second Coming,npm,@postman/pm-bin-windows-x64,1.24.3
Sha1-Hulud: The Second Coming,npm,@postman/pm-bin-windows-x64,1.24.5
Sha1-Hulud: The Second Coming,npm,@postman/postman-collection-fork,4.3.3
Sha1-Hulud: The Second Coming,npm,@postman/postman-collection-fork,4.3.5
Sha1-Hulud: The Second Coming,npm,@postman/postman-mcp-cli,1.0.3
Sha1-Hulud: The Second Coming,npm,@postman/postman-mcp-cli,1.0.4
Sha1-Hulud: The Second Coming,npm,@postman/postman-mcp-cli,1.0.5
Sha1-Hulud: The Second Coming,npm,@postman/postman-mcp-server,2.4.10
Sha1-Hulud: The Second Coming,npm,@postman/postman-mcp-server,2.4.12
Sha1-Hulud: The Second Coming,npm,@postman/pretty-ms,6.1.1
Sha1-Hulud: The Second Coming,npm,@postman/pretty-ms,6.1.2
Sha1-Hulud: The Second Coming,npm,@postman/pretty-ms,6.1.3
Sha1-Hulud: The Second Coming,npm,@postman/secret-scanner-wasm,2.1.3
Sha1-Hulud: The Second Coming,npm,@postman/secret-scanner-wasm,2.1.4
Sha1-Hulud: The Second Coming,npm,@postman/tunnel-agent,0.6.5
Sha1-Hulud: The Second Coming,npm,@postman/tunnel-agent,0.6.6
Sha1-Hulud: The Second Coming,npm,@postman/tunnel-agent,0.6.7
Sha1-Hulud: The Second Coming,npm,@postman/wdio-allure-reporter,0.0.7
Sha1-Hulud: The Second Coming,npm,@postman/wdio-allure-reporter,0.0.9
Sha1-Hulud: The Second Coming,npm,@postman/wdio-junit-reporter,0.0.4
Sha1-Hulud: The Second Coming,npm,@postman/wdio-junit-reporter,0.0.5
Sha1-Hulud: The Second Coming,npm,@postman/wdio-junit-reporter,0.0.6
Sha1-Hulud: The Second Coming,npm,@pradhumngautam/common-app,1.0.2
Sha1-Hulud: The Second Coming,npm,prime-one-table,0.0.19
Sha1-Hulud: The Second Coming,npm,@productdevbook/animejs-vue,0.2.1
Sha1-Hulud: The Second Coming,npm,@productdevbook/auth,0.2.2
Sha1-Hulud: The Second Coming,npm,@productdevbook/chatwoot,2.0.1
Sha1-Hulud: The Second Coming,npm,@productdevbook/motion,1.0.4
Sha1-Hulud: The Second Coming,npm,@productdevbook/ts-i18n,1.4.2
Sha1-Hulud: The Second Coming,npm,prompt-eng,1.0.50
Sha1-Hulud: The Second Coming,npm,prompt-eng-server,1.0.18
Sha1-Hulud: The Second Coming,npm,@pruthvi21/use-debounce,1.0.3
Sha1-Hulud: The Second Coming,npm,puny-req,1.0.3
Sha1-Hulud: The Second Coming,npm,@quick-start-soft/quick-document-translator,1.4.2511142126
Sha1-Hulud: The Second Coming,npm,@quick-start-soft/quick-git-clean-markdown,1.4.2511142126
Sha1-Hulud: The Second Coming,npm,@quick-start-soft/quick-markdown,1.4.2511142126
Sha1-Hulud: The Second Coming,npm,@quick-start-soft/quick-markdown-compose,1.4.2506300029
Sha1-Hulud: The Second Coming,npm,@quick-start-soft/quick-markdown-image,1.4.2511142126
Sha1-Hulud: The Second Coming,npm,@quick-start-soft/quick-markdown-print,1.4.2511142126
Sha1-Hulud: The Second Coming,npm,@quick-start-soft/quick-markdown-translator,1.4.2509202331
Sha1-Hulud: The Second Coming,npm,@quick-start-soft/quick-remove-image-background,1.4.2511142126
Sha1-Hulud: The Second Coming,npm,@quick-start-soft/quick-task-refine,1.4.2511142126
Sha1-Hulud: The Second Coming,npm,quickswap-ads-list,1.0.33
Sha1-Hulud: The Second Coming,npm,quickswap-default-staking-list,1.0.11
Sha1-Hulud: The Second Coming,npm,quickswap-default-staking-list-address,1.0.55
Sha1-Hulud: The Second Coming,npm,quickswap-default-token-list,1.5.16
Sha1-Hulud: The Second Coming,npm,quickswap-router-sdk,1.0.1
Sha1-Hulud: The Second Coming,npm,quickswap-sdk,3.0.44
Sha1-Hulud: The Second Coming,npm,quickswap-smart-order-router,1.0.1
Sha1-Hulud: The Second Coming,npm,quickswap-token-lists,1.0.3
Sha1-Hulud: The Second Coming,npm,quickswap-v2-sdk,2.0.1
Sha1-Hulud: The Second Coming,npm,ra-auth-firebase,1.0.3
Sha1-Hulud: The Second Coming,npm,ra-data-firebase,1.0.7
Sha1-Hulud: The Second Coming,npm,ra-data-firebase,1.0.8
Sha1-Hulud: The Second Coming,npm,react-component-taggers,0.1.9
Sha1-Hulud: The Second Coming,npm,react-data-to-export,1.0.1
Sha1-Hulud: The Second Coming,npm,react-element-prompt-inspector,0.1.18
Sha1-Hulud: The Second Coming,npm,react-favic,1.0.2
Sha1-Hulud: The Second Coming,npm,react-hook-form-persist,3.0.1
Sha1-Hulud: The Second Coming,npm,react-hook-form-persist,3.0.2
Sha1-Hulud: The Second Coming,npm,react-jam-icons,1.0.1
Sha1-Hulud: The Second Coming,npm,react-jam-icons,1.0.2
Sha1-Hulud: The Second Coming,npm,react-keycloak-context,1.0.8
Sha1-Hulud: The Second Coming,npm,react-keycloak-context,1.0.9
Sha1-Hulud: The Second Coming,npm,react-library-setup,0.0.6
Sha1-Hulud: The Second Coming,npm,react-linear-loader,1.0.2
Sha1-Hulud: The Second Coming,npm,react-micromodal.js,1.0.1
Sha1-Hulud: The Second Coming,npm,react-micromodal.js,1.0.2
Sha1-Hulud: The Second Coming,npm,react-native-datepicker-modal,1.3.1
Sha1-Hulud: The Second Coming,npm,react-native-datepicker-modal,1.3.2
Sha1-Hulud: The Second Coming,npm,react-native-email,2.1.1
Sha1-Hulud: The Second Coming,npm,react-native-email,2.1.2
Sha1-Hulud: The Second Coming,npm,react-native-fetch,2.0.1
Sha1-Hulud: The Second Coming,npm,react-native-fetch,2.0.2
Sha1-Hulud: The Second Coming,npm,react-native-get-pixel-dimensions,1.0.1
Sha1-Hulud: The Second Coming,npm,react-native-get-pixel-dimensions,1.0.2
Sha1-Hulud: The Second Coming,npm,react-native-google-maps-directions,2.1.2
Sha1-Hulud: The Second Coming,npm,react-native-jam-icons,1.0.1
Sha1-Hulud: The Second Coming,npm,react-native-jam-icons,1.0.2
Sha1-Hulud: The Second Coming,npm,react-native-log-level,1.2.1
Sha1-Hulud: The Second Coming,npm,react-native-log-level,1.2.2
Sha1-Hulud: The Second Coming,npm,react-native-modest-checkbox,3.3.1
Sha1-Hulud: The Second Coming,npm,react-native-modest-storage,2.1.1
Sha1-Hulud: The Second Coming,npm,react-native-phone-call,1.2.1
Sha1-Hulud: The Second Coming,npm,react-native-phone-call,1.2.2
Sha1-Hulud: The Second Coming,npm,react-native-retriable-fetch,2.0.1
Sha1-Hulud: The Second Coming,npm,react-native-retriable-fetch,2.0.2
Sha1-Hulud: The Second Coming,npm,react-native-use-modal,1.0.3
Sha1-Hulud: The Second Coming,npm,react-native-view-finder,1.2.1
Sha1-Hulud: The Second Coming,npm,react-native-view-finder,1.2.2
Sha1-Hulud: The Second Coming,npm,react-native-websocket,1.0.3
Sha1-Hulud: The Second Coming,npm,react-native-websocket,1.0.4
Sha1-Hulud: The Second Coming,npm,react-native-worklet-functions,3.3.3
Sha1-Hulud: The Second Coming,npm,react-packery-component,1.0.3
Sha1-Hulud: The Second Coming,npm,react-qr-image,1.1.1
Sha1-Hulud: The Second Coming,npm,react-scrambled-text,1.0.4
Sha1-Hulud: The Second Coming,npm,rediff,1.0.5
Sha1-Hulud: The Second Coming,npm,rediff-viewer,0.0.7
Sha1-Hulud: The Second Coming,npm,redux-forge,2.5.3
Sha1-Hulud: The Second Coming,npm,redux-router-kit,1.2.2
Sha1-Hulud: The Second Coming,npm,redux-router-kit,1.2.3
Sha1-Hulud: The Second Coming,npm,redux-router-kit,1.2.4
Sha1-Hulud: The Second Coming,npm,@relyt/claude-context-core,0.1.1
Sha1-Hulud: The Second Coming,npm,@relyt/claude-context-mcp,0.1.1
Sha1-Hulud: The Second Coming,npm,revenuecat,1.0.1
Sha1-Hulud: The Second Coming,npm,rollup-plugin-httpfile,0.2.1
Sha1-Hulud: The Second Coming,npm,sa-company-registration-number-regex,1.0.1
Sha1-Hulud: The Second Coming,npm,sa-company-registration-number-regex,1.0.2
Sha1-Hulud: The Second Coming,npm,sa-id-gen,1.0.4
Sha1-Hulud: The Second Coming,npm,sa-id-gen,1.0.5
Sha1-Hulud: The Second Coming,npm,@sameepsi/sor,1.0.3
Sha1-Hulud: The Second Coming,npm,@sameepsi/sor2,2.0.2
Sha1-Hulud: The Second Coming,npm,samesame,1.0.3
Sha1-Hulud: The Second Coming,npm,scgs-capacitor-subscribe,1.0.11
Sha1-Hulud: The Second Coming,npm,scgsffcreator,1.0.5
Sha1-Hulud: The Second Coming,npm,schob,1.0.3
Sha1-Hulud: The Second Coming,npm,@seezo/sdr-mcp-server,0.0.5
Sha1-Hulud: The Second Coming,npm,selenium-session,1.0.5
Sha1-Hulud: The Second Coming,npm,selenium-session-client,1.0.4
Sha1-Hulud: The Second Coming,npm,set-nested-prop,2.0.1
Sha1-Hulud: The Second Coming,npm,set-nested-prop,2.0.2
Sha1-Hulud: The Second Coming,npm,@seung-ju/next,0.0.2
Sha1-Hulud: The Second Coming,npm,@seung-ju/openapi-generator,0.0.4
Sha1-Hulud: The Second Coming,npm,@seung-ju/react-hooks,0.0.2
Sha1-Hulud: The Second Coming,npm,@seung-ju/react-native-action-sheet,0.2.1
Sha1-Hulud: The Second Coming,npm,shelf-jwt-sessions,0.1.2
Sha1-Hulud: The Second Coming,npm,shell-exec,1.1.3
Sha1-Hulud: The Second Coming,npm,shell-exec,1.1.4
Sha1-Hulud: The Second Coming,npm,shinhan-limit-scrap,1.0.3
Sha1-Hulud: The Second Coming,npm,silgi,0.43.30
Sha1-Hulud: The Second Coming,npm,@silgi/better-auth,0.8.1
Sha1-Hulud: The Second Coming,npm,@silgi/drizzle,0.8.4
Sha1-Hulud: The Second Coming,npm,@silgi/ecosystem,0.7.6
Sha1-Hulud: The Second Coming,npm,@silgi/graphql,0.7.15
Sha1-Hulud: The Second Coming,npm,@silgi/module-builder,0.8.8
Sha1-Hulud: The Second Coming,npm,@silgi/openapi,0.7.4
Sha1-Hulud: The Second Coming,npm,@silgi/permission,0.6.8
Sha1-Hulud: The Second Coming,npm,@silgi/ratelimit,0.2.1
Sha1-Hulud: The Second Coming,npm,@silgi/scalar,0.6.2
Sha1-Hulud: The Second Coming,npm,@silgi/yoga,0.7.1
Sha1-Hulud: The Second Coming,npm,simplejsonform,1.0.1
Sha1-Hulud: The Second Coming,npm,skills-use,0.1.1
Sha1-Hulud: The Second Coming,npm,skills-use,0.1.2
Sha1-Hulud: The Second Coming,npm,@sme-ui/aoma-vevasound-metadata-lib,0.1.3
Sha1-Hulud: The Second Coming,npm,solomon-api-stories,1.0.2
Sha1-Hulud: The Second Coming,npm,solomon-v3-stories,1.15.6
Sha1-Hulud: The Second Coming,npm,solomon-v3-ui-wrapper,1.6.1
Sha1-Hulud: The Second Coming,npm,soneium-acs,1.0.1
Sha1-Hulud: The Second Coming,npm,sort-by-distance,2.0.1
Sha1-Hulud: The Second Coming,npm,south-african-id-info,1.0.2
Sha1-Hulud: The Second Coming,npm,stat-fns,1.0.1
Sha1-Hulud: The Second Coming,npm,stoor,2.3.2
Sha1-Hulud: The Second Coming,npm,@strapbuild/react-native-date-time-picker,2.0.4
Sha1-Hulud: The Second Coming,npm,@strapbuild/react-native-perspective-image-cropper,0.4.15
Sha1-Hulud: The Second Coming,npm,@strapbuild/react-native-perspective-image-cropper-2,0.4.7
Sha1-Hulud: The Second Coming,npm,@strapbuild/react-native-perspective-image-cropper-poojan31,0.4.6
Sha1-Hulud: The Second Coming,npm,sufetch,0.4.1
Sha1-Hulud: The Second Coming,npm,super-commit,1.0.1
Sha1-Hulud: The Second Coming,npm,@suraj_h/medium-common,1.0.5
Sha1-Hulud: The Second Coming,npm,svelte-autocomplete-select,1.1.1
Sha1-Hulud: The Second Coming,npm,svelte-toasty,1.1.2
Sha1-Hulud: The Second Coming,npm,svelte-toasty,1.1.3
Sha1-Hulud: The Second Coming,npm,tanstack-shadcn-table,1.1.5
Sha1-Hulud: The Second Coming,npm,tavily-module,1.0.1
Sha1-Hulud: The Second Coming,npm,tcsp,2.0.2
Sha1-Hulud: The Second Coming,npm,tcsp-draw-test,1.0.5
Sha1-Hulud: The Second Coming,npm,tcsp-test-vd,2.4.4
Sha1-Hulud: The Second Coming,npm,template-lib,1.1.3
Sha1-Hulud: The Second Coming,npm,template-lib,1.1.4
Sha1-Hulud: The Second Coming,npm,template-micro-service,1.0.2
Sha1-Hulud: The Second Coming,npm,template-micro-service,1.0.3
Sha1-Hulud: The Second Coming,npm,tenacious-fetch,2.3.2
Sha1-Hulud: The Second Coming,npm,tenacious-fetch,2.3.3
Sha1-Hulud: The Second Coming,npm,test23112222-api,1.0.1
Sha1-Hulud: The Second Coming,npm,test-foundry-app,1.0.1
Sha1-Hulud: The Second Coming,npm,test-foundry-app,1.0.2
Sha1-Hulud: The Second Coming,npm,test-foundry-app,1.0.3
Sha1-Hulud: The Second Coming,npm,test-foundry-app,1.0.4
Sha1-Hulud: The Second Coming,npm,test-hardhat-app,1.0.1
Sha1-Hulud: The Second Coming,npm,test-hardhat-app,1.0.2
Sha1-Hulud: The Second Coming,npm,test-hardhat-app,1.0.3
Sha1-Hulud: The Second Coming,npm,test-hardhat-app,1.0.4
Sha1-Hulud: The Second Coming,npm,@thedelta/eslint-config,1.0.2
Sha1-Hulud: The Second Coming,npm,tiaan,1.0.2
Sha1-Hulud: The Second Coming,npm,@tiaanduplessis/json,2.0.2
Sha1-Hulud: The Second Coming,npm,@tiaanduplessis/json,2.0.3
Sha1-Hulud: The Second Coming,npm,@tiaanduplessis/react-progressbar,1.0.1
Sha1-Hulud: The Second Coming,npm,@tiaanduplessis/react-progressbar,1.0.2
Sha1-Hulud: The Second Coming,npm,tiptap-shadcn-vue,0.2.1
Sha1-Hulud: The Second Coming,npm,token.js-fork,0.7.32
Sha1-Hulud: The Second Coming,npm,toonfetch,0.3.2
Sha1-Hulud: The Second Coming,npm,@trackstar/angular-trackstar-link,1.0.2
Sha1-Hulud: The Second Coming,npm,@trackstar/react-trackstar-link,2.0.21
Sha1-Hulud: The Second Coming,npm,@trackstar/react-trackstar-link-upgrade,1.1.10
Sha1-Hulud: The Second Coming,npm,@trackstar/test-angular-package,0.0.9
Sha1-Hulud: The Second Coming,npm,@trackstar/test-package,1.1.5
Sha1-Hulud: The Second Coming,npm,@trefox/sleekshop-js,0.1.6
Sha1-Hulud: The Second Coming,npm,@trigo/atrix,7.0.1
Sha1-Hulud: The Second Coming,npm,@trigo/atrix-acl,4.0.2
Sha1-Hulud: The Second Coming,npm,@trigo/atrix-elasticsearch,2.0.1
Sha1-Hulud: The Second Coming,npm,@trigo/atrix-mongoose,1.0.2
Sha1-Hulud: The Second Coming,npm,@trigo/atrix-orientdb,1.0.2
Sha1-Hulud: The Second Coming,npm,@trigo/atrix-postgres,1.0.3
Sha1-Hulud: The Second Coming,npm,@trigo/atrix-pubsub,4.0.3
Sha1-Hulud: The Second Coming,npm,@trigo/atrix-redis,1.0.2
Sha1-Hulud: The Second Coming,npm,@trigo/atrix-soap,1.0.2
Sha1-Hulud: The Second Coming,npm,@trigo/atrix-swagger,3.0.1
Sha1-Hulud: The Second Coming,npm,@trigo/bool-expressions,4.1.3
Sha1-Hulud: The Second Coming,npm,@trigo/eslint-config-trigo,3.3.1
Sha1-Hulud: The Second Coming,npm,@trigo/fsm,3.4.2
Sha1-Hulud: The Second Coming,npm,@trigo/hapi-auth-signedlink,1.3.1
Sha1-Hulud: The Second Coming,npm,@trigo/jsdt,0.2.1
Sha1-Hulud: The Second Coming,npm,@trigo/keycloak-api,1.3.1
Sha1-Hulud: The Second Coming,npm,@trigo/node-soap,0.5.4
Sha1-Hulud: The Second Coming,npm,@trigo/pathfinder-ui-css,0.1.1
Sha1-Hulud: The Second Coming,npm,trigo-react-app,4.1.2
Sha1-Hulud: The Second Coming,npm,@trigo/trigo-hapijs,5.0.1
Sha1-Hulud: The Second Coming,npm,@trpc-rate-limiter/cloudflare,0.1.4
Sha1-Hulud: The Second Coming,npm,@trpc-rate-limiter/hono,0.1.4
Sha1-Hulud: The Second Coming,npm,ts-relay-cursor-paging,2.1.1
Sha1-Hulud: The Second Coming,npm,typeface-antonio-complete,1.0.5
Sha1-Hulud: The Second Coming,npm,typefence,1.2.2
Sha1-Hulud: The Second Coming,npm,typefence,1.2.3
Sha1-Hulud: The Second Coming,npm,typeorm-orbit,0.2.27
Sha1-Hulud: The Second Coming,npm,unadapter,0.1.3
Sha1-Hulud: The Second Coming,npm,undefsafe-typed,1.0.3
Sha1-Hulud: The Second Coming,npm,undefsafe-typed,1.0.4
Sha1-Hulud: The Second Coming,npm,unemail,0.3.1
Sha1-Hulud: The Second Coming,npm,uniswap-router-sdk,1.6.2
Sha1-Hulud: The Second Coming,npm,uniswap-smart-order-router,3.16.26
Sha1-Hulud: The Second Coming,npm,uniswap-test-sdk-core,4.0.8
Sha1-Hulud: The Second Coming,npm,unsearch,0.0.3
Sha1-Hulud: The Second Coming,npm,uplandui,0.5.4
Sha1-Hulud: The Second Coming,npm,upload-to-play-store,1.0.1
Sha1-Hulud: The Second Coming,npm,upload-to-play-store,1.0.2
Sha1-Hulud: The Second Coming,npm,url-encode-decode,1.0.1
Sha1-Hulud: The Second Coming,npm,url-encode-decode,1.0.2
Sha1-Hulud: The Second Coming,npm,use-unsaved-changes,1.0.9
Sha1-Hulud: The Second Coming,npm,valid-south-african-id,1.0.3
Sha1-Hulud: The Second Coming,npm,valuedex-sdk,3.0.5
Sha1-Hulud: The Second Coming,npm,@varsityvibe/api-client,1.3.36
Sha1-Hulud: The Second Coming,npm,@varsityvibe/api-client,1.3.37
Sha1-Hulud: The Second Coming,npm,@varsityvibe/utils,5.0.6
Sha1-Hulud: The Second Coming,npm,@varsityvibe/validation-schemas,0.6.7
Sha1-Hulud: The Second Coming,npm,@varsityvibe/validation-schemas,0.6.8
Sha1-Hulud: The Second Coming,npm,vf-oss-template,1.0.1
Sha1-Hulud: The Second Coming,npm,vf-oss-template,1.0.2
Sha1-Hulud: The Second Coming,npm,vf-oss-template,1.0.3
Sha1-Hulud: The Second Coming,npm,@viapip/eslint-config,0.2.4
Sha1-Hulud: The Second Coming,npm,victoria-wallet-constants,0.1.1
Sha1-Hulud: The Second Coming,npm,victoria-wallet-constants,0.1.2
Sha1-Hulud: The Second Coming,npm,victoria-wallet-core,0.1.1
Sha1-Hulud: The Second Coming,npm,victoria-wallet-core,0.1.2
Sha1-Hulud: The Second Coming,npm,victoria-wallet-type,0.1.1
Sha1-Hulud: The Second Coming,npm,victoria-wallet-type,0.1.2
Sha1-Hulud: The Second Coming,npm,victoria-wallet-utils,0.1.1
Sha1-Hulud: The Second Coming,npm,victoria-wallet-utils,0.1.2
Sha1-Hulud: The Second Coming,npm,victoria-wallet-validator,0.1.1
Sha1-Hulud: The Second Coming,npm,victoria-wallet-validator,0.1.2
Sha1-Hulud: The Second Coming,npm,victoriaxoaquyet-wallet-core,0.2.1
Sha1-Hulud: The Second Coming,npm,victoriaxoaquyet-wallet-core,0.2.2
Sha1-Hulud: The Second Coming,npm,@vishadtyagi/full-year-calendar,0.1.11
Sha1-Hulud: The Second Coming,npm,vite-plugin-httpfile,0.2.1
Sha1-Hulud: The Second Coming,npm,@voiceflow/alexa-types,2.15.61
Sha1-Hulud: The Second Coming,npm,@voiceflow/anthropic,0.4.4
Sha1-Hulud: The Second Coming,npm,@voiceflow/anthropic,0.4.5
Sha1-Hulud: The Second Coming,npm,@voiceflow/api-sdk,3.28.59
Sha1-Hulud: The Second Coming,npm,@voiceflow/backend-utils,5.0.1
Sha1-Hulud: The Second Coming,npm,@voiceflow/backend-utils,5.0.2
Sha1-Hulud: The Second Coming,npm,@voiceflow/base-types,2.136.2
Sha1-Hulud: The Second Coming,npm,@voiceflow/base-types,2.136.3
Sha1-Hulud: The Second Coming,npm,@voiceflow/body-parser,1.21.2
Sha1-Hulud: The Second Coming,npm,@voiceflow/body-parser,1.21.3
Sha1-Hulud: The Second Coming,npm,@voiceflow/chat-types,2.14.58
Sha1-Hulud: The Second Coming,npm,@voiceflow/chat-types,2.14.59
Sha1-Hulud: The Second Coming,npm,@voiceflow/circleci-config-sdk-orb-import,0.2.1
Sha1-Hulud: The Second Coming,npm,@voiceflow/circleci-config-sdk-orb-import,0.2.2
Sha1-Hulud: The Second Coming,npm,@voiceflow/commitlint-config,2.6.1
Sha1-Hulud: The Second Coming,npm,@voiceflow/commitlint-config,2.6.2
Sha1-Hulud: The Second Coming,npm,@voiceflow/common,8.9.1
Sha1-Hulud: The Second Coming,npm,@voiceflow/common,8.9.2
Sha1-Hulud: The Second Coming,npm,@voiceflow/default-prompt-wrappers,1.7.3
Sha1-Hulud: The Second Coming,npm,@voiceflow/default-prompt-wrappers,1.7.4
Sha1-Hulud: The Second Coming,npm,@voiceflow/dependency-cruiser-config,1.8.11
Sha1-Hulud: The Second Coming,npm,@voiceflow/dependency-cruiser-config,1.8.12
Sha1-Hulud: The Second Coming,npm,@voiceflow/dtos-interact,1.40.1
Sha1-Hulud: The Second Coming,npm,@voiceflow/dtos-interact,1.40.2
Sha1-Hulud: The Second Coming,npm,@voiceflow/encryption,0.3.2
Sha1-Hulud: The Second Coming,npm,@voiceflow/encryption,0.3.3
Sha1-Hulud: The Second Coming,npm,@voiceflow/eslint-config,7.16.4
Sha1-Hulud: The Second Coming,npm,@voiceflow/eslint-config,7.16.5
Sha1-Hulud: The Second Coming,npm,@voiceflow/eslint-plugin,1.6.1
Sha1-Hulud: The Second Coming,npm,@voiceflow/eslint-plugin,1.6.2
Sha1-Hulud: The Second Coming,npm,@voiceflow/exception,1.10.1
Sha1-Hulud: The Second Coming,npm,@voiceflow/exception,1.10.2
Sha1-Hulud: The Second Coming,npm,@voiceflow/fetch,1.11.1
Sha1-Hulud: The Second Coming,npm,@voiceflow/fetch,1.11.2
Sha1-Hulud: The Second Coming,npm,@voiceflow/general-types,3.2.22
Sha1-Hulud: The Second Coming,npm,@voiceflow/general-types,3.2.23
Sha1-Hulud: The Second Coming,npm,@voiceflow/git-branch-check,1.4.3
Sha1-Hulud: The Second Coming,npm,@voiceflow/git-branch-check,1.4.4
Sha1-Hulud: The Second Coming,npm,@voiceflow/google-dfes-types,2.17.12
Sha1-Hulud: The Second Coming,npm,@voiceflow/google-dfes-types,2.17.13
Sha1-Hulud: The Second Coming,npm,@voiceflow/google-types,2.21.13
Sha1-Hulud: The Second Coming,npm,@voiceflow/husky-config,1.3.1
Sha1-Hulud: The Second Coming,npm,@voiceflow/husky-config,1.3.2
Sha1-Hulud: The Second Coming,npm,@voiceflow/logger,2.4.2
Sha1-Hulud: The Second Coming,npm,@voiceflow/logger,2.4.3
Sha1-Hulud: The Second Coming,npm,@voiceflow/metrics,1.5.1
Sha1-Hulud: The Second Coming,npm,@voiceflow/metrics,1.5.2
Sha1-Hulud: The Second Coming,npm,@voiceflow/natural-language-commander,0.5.2
Sha1-Hulud: The Second Coming,npm,@voiceflow/natural-language-commander,0.5.3
Sha1-Hulud: The Second Coming,npm,@voiceflow/nestjs-common,2.75.2
Sha1-Hulud: The Second Coming,npm,@voiceflow/nestjs-common,2.75.3
Sha1-Hulud: The Second Coming,npm,@voiceflow/nestjs-mongodb,1.3.1
Sha1-Hulud: The Second Coming,npm,@voiceflow/nestjs-mongodb,1.3.2
Sha1-Hulud: The Second Coming,npm,@voiceflow/nestjs-rate-limit,1.3.2
Sha1-Hulud: The Second Coming,npm,@voiceflow/nestjs-rate-limit,1.3.3
Sha1-Hulud: The Second Coming,npm,@voiceflow/nestjs-redis,1.3.1
Sha1-Hulud: The Second Coming,npm,@voiceflow/nestjs-redis,1.3.2
Sha1-Hulud: The Second Coming,npm,@voiceflow/nestjs-timeout,1.3.1
Sha1-Hulud: The Second Coming,npm,@voiceflow/nestjs-timeout,1.3.2
Sha1-Hulud: The Second Coming,npm,@voiceflow/npm-package-json-lint-config,1.1.1
Sha1-Hulud: The Second Coming,npm,@voiceflow/openai,3.2.2
Sha1-Hulud: The Second Coming,npm,@voiceflow/openai,3.2.3
Sha1-Hulud: The Second Coming,npm,@voiceflow/pino,6.11.3
Sha1-Hulud: The Second Coming,npm,@voiceflow/pino,6.11.4
Sha1-Hulud: The Second Coming,npm,@voiceflow/pino-pretty,4.4.1
Sha1-Hulud: The Second Coming,npm,@voiceflow/pino-pretty,4.4.2
Sha1-Hulud: The Second Coming,npm,@voiceflow/prettier-config,1.10.1
Sha1-Hulud: The Second Coming,npm,@voiceflow/prettier-config,1.10.2
Sha1-Hulud: The Second Coming,npm,@voiceflow/react-chat,1.65.4
Sha1-Hulud: The Second Coming,npm,@voiceflow/runtime,1.29.1
Sha1-Hulud: The Second Coming,npm,@voiceflow/runtime,1.29.2
Sha1-Hulud: The Second Coming,npm,@voiceflow/runtime-client-js,1.17.2
Sha1-Hulud: The Second Coming,npm,@voiceflow/runtime-client-js,1.17.3
Sha1-Hulud: The Second Coming,npm,@voiceflow/sdk-runtime,1.43.1
Sha1-Hulud: The Second Coming,npm,@voiceflow/sdk-runtime,1.43.2
Sha1-Hulud: The Second Coming,npm,@voiceflow/secrets-provider,1.9.2
Sha1-Hulud: The Second Coming,npm,@voiceflow/secrets-provider,1.9.3
Sha1-Hulud: The Second Coming,npm,@voiceflow/semantic-release-config,1.4.1
Sha1-Hulud: The Second Coming,npm,@voiceflow/semantic-release-config,1.4.2
Sha1-Hulud: The Second Coming,npm,@voiceflow/serverless-plugin-typescript,2.1.7
Sha1-Hulud: The Second Coming,npm,@voiceflow/serverless-plugin-typescript,2.1.8
Sha1-Hulud: The Second Coming,npm,@voiceflow/slate-serializer,1.7.3
Sha1-Hulud: The Second Coming,npm,@voiceflow/slate-serializer,1.7.4
Sha1-Hulud: The Second Coming,npm,@voiceflow/stitches-react,2.3.2
Sha1-Hulud: The Second Coming,npm,@voiceflow/stitches-react,2.3.3
Sha1-Hulud: The Second Coming,npm,@voiceflow/storybook-config,1.2.2
Sha1-Hulud: The Second Coming,npm,@voiceflow/storybook-config,1.2.3
Sha1-Hulud: The Second Coming,npm,@voiceflow/stylelint-config,1.1.1
Sha1-Hulud: The Second Coming,npm,@voiceflow/stylelint-config,1.1.2
Sha1-Hulud: The Second Coming,npm,@voiceflow/test-common,2.1.1
Sha1-Hulud: The Second Coming,npm,@voiceflow/test-common,2.1.2
Sha1-Hulud: The Second Coming,npm,@voiceflow/tsconfig,1.12.1
Sha1-Hulud: The Second Coming,npm,@voiceflow/tsconfig,1.12.2
Sha1-Hulud: The Second Coming,npm,@voiceflow/tsconfig-paths,1.1.4
Sha1-Hulud: The Second Coming,npm,@voiceflow/tsconfig-paths,1.1.5
Sha1-Hulud: The Second Coming,npm,@voiceflow/utils-designer,1.74.20
Sha1-Hulud: The Second Coming,npm,@voiceflow/verror,1.1.4
Sha1-Hulud: The Second Coming,npm,@voiceflow/verror,1.1.5
Sha1-Hulud: The Second Coming,npm,@voiceflow/vite-config,2.6.2
Sha1-Hulud: The Second Coming,npm,@voiceflow/vite-config,2.6.3
Sha1-Hulud: The Second Coming,npm,@voiceflow/vitest-config,1.10.2
Sha1-Hulud: The Second Coming,npm,@voiceflow/vitest-config,1.10.3
Sha1-Hulud: The Second Coming,npm,@voiceflow/voiceflow-types,3.32.45
Sha1-Hulud: The Second Coming,npm,@voiceflow/voiceflow-types,3.32.46
Sha1-Hulud: The Second Coming,npm,@voiceflow/voice-types,2.10.58
Sha1-Hulud: The Second Coming,npm,@voiceflow/voice-types,2.10.59
Sha1-Hulud: The Second Coming,npm,@voiceflow/widget,1.7.18
Sha1-Hulud: The Second Coming,npm,@voiceflow/widget,1.7.19
Sha1-Hulud: The Second Coming,npm,v-plausible,1.2.1
Sha1-Hulud: The Second Coming,npm,@vucod/email,0.0.3
Sha1-Hulud: The Second Coming,npm,vue-browserupdate-nuxt,1.0.5
Sha1-Hulud: The Second Coming,npm,wallet-evm,0.3.1
Sha1-Hulud: The Second Coming,npm,wallet-evm,0.3.2
Sha1-Hulud: The Second Coming,npm,wallet-type,0.1.1
Sha1-Hulud: The Second Coming,npm,wallet-type,0.1.2
Sha1-Hulud: The Second Coming,npm,webpack-loader-httpfile,0.2.1
Sha1-Hulud: The Second Coming,npm,web-scraper-mcp,1.1.4
Sha1-Hulud: The Second Coming,npm,web-types-htmx,0.1.1
Sha1-Hulud: The Second Coming,npm,web-types-lit,0.1.1
Sha1-Hulud: The Second Coming,npm,wellness-expert-ng-gallery,5.1.1
Sha1-Hulud: The Second Coming,npm,wenk,1.0.10
Sha1-Hulud: The Second Coming,npm,wenk,1.0.9
Sha1-Hulud: The Second Coming,npm,@zapier/ai-actions,0.1.18
Sha1-Hulud: The Second Coming,npm,@zapier/ai-actions,0.1.19
Sha1-Hulud: The Second Coming,npm,@zapier/ai-actions,0.1.20
Sha1-Hulud: The Second Coming,npm,@zapier/ai-actions-react,0.1.12
Sha1-Hulud: The Second Coming,npm,@zapier/ai-actions-react,0.1.13
Sha1-Hulud: The Second Coming,npm,@zapier/ai-actions-react,0.1.14
Sha1-Hulud: The Second Coming,npm,zapier-async-storage,1.0.1
Sha1-Hulud: The Second Coming,npm,zapier-async-storage,1.0.2
Sha1-Hulud: The Second Coming,npm,zapier-async-storage,1.0.3
Sha1-Hulud: The Second Coming,npm,@zapier/babel-preset-zapier,6.4.1
Sha1-Hulud: The Second Coming,npm,@zapier/babel-preset-zapier,6.4.2
Sha1-Hulud: The Second Coming,npm,@zapier/babel-preset-zapier,6.4.3
Sha1-Hulud: The Second Coming,npm,@zapier/browserslist-config-zapier,1.0.3
Sha1-Hulud: The Second Coming,npm,@zapier/browserslist-config-zapier,1.0.4
Sha1-Hulud: The Second Coming,npm,@zapier/browserslist-config-zapier,1.0.5
Sha1-Hulud: The Second Coming,npm,@zapier/eslint-plugin-zapier,11.0.3
Sha1-Hulud: The Second Coming,npm,@zapier/eslint-plugin-zapier,11.0.4
Sha1-Hulud: The Second Coming,npm,@zapier/eslint-plugin-zapier,11.0.5
Sha1-Hulud: The Second Coming,npm,@zapier/mcp-integration,3.0.1
Sha1-Hulud: The Second Coming,npm,@zapier/mcp-integration,3.0.2
Sha1-Hulud: The Second Coming,npm,@zapier/mcp-integration,3.0.3
Sha1-Hulud: The Second Coming,npm,zapier-platform-cli,18.0.2
Sha1-Hulud: The Second Coming,npm,zapier-platform-cli,18.0.3
Sha1-Hulud: The Second Coming,npm,zapier-platform-cli,18.0.4
Sha1-Hulud: The Second Coming,npm,zapier-platform-core,18.0.2
Sha1-Hulud: The Second Coming,npm,zapier-platform-core,18.0.3
Sha1-Hulud: The Second Coming,npm,zapier-platform-core,18.0.4
Sha1-Hulud: The Second Coming,npm,zapier-platform-legacy-scripting-runner,4.0.2
Sha1-Hulud: The Second Coming,npm,zapier-platform-legacy-scripting-runner,4.0.3
Sha1-Hulud: The Second Coming,npm,zapier-platform-legacy-scripting-runner,4.0.4
Sha1-Hulud: The Second Coming,npm,zapier-platform-schema,18.0.2
Sha1-Hulud: The Second Coming,npm,zapier-platform-schema,18.0.3
Sha1-Hulud: The Second Coming,npm,zapier-platform-schema,18.0.4
Sha1-Hulud: The Second Coming,npm,zapier-scripts,7.8.3
Sha1-Hulud: The Second Coming,npm,zapier-scripts,7.8.4
Sha1-Hulud: The Second Coming,npm,@zapier/secret-scrubber,1.1.3
Sha1-Hulud: The Second Coming,npm,@zapier/secret-scrubber,1.1.4
Sha1-Hulud: The Second Coming,npm,@zapier/secret-scrubber,1.1.5
Sha1-Hulud: The Second Coming,npm,@zapier/spectral-api-ruleset,1.9.1
Sha1-Hulud: The Second Coming,npm,@zapier/spectral-api-ruleset,1.9.2
Sha1-Hulud: The Second Coming,npm,@zapier/spectral-api-ruleset,1.9.3
Sha1-Hulud: The Second Coming,npm,@zapier/stubtree,0.1.2
Sha1-Hulud: The Second Coming,npm,@zapier/stubtree,0.1.3
Sha1-Hulud: The Second Coming,npm,@zapier/stubtree,0.1.4
Sha1-Hulud: The Second Coming,npm,@zapier/zapier-sdk,0.15.5
Sha1-Hulud: The Second Coming,npm,@zapier/zapier-sdk,0.15.6
Sha1-Hulud: The Second Coming,npm,@zapier/zapier-sdk,0.15.7
Sha1-Hulud: The Second Coming,npm,zuper-cli,1.0.1
Sha1-Hulud: The Second Coming,npm,zuper-sdk,1.0.57
Sha1-Hulud: The Second Coming,npm,zuper-stream,2.0.9
TeamPCP: Supply Chain Attack,npm,@airtm/uuid-base32,1.0.2
TeamPCP: Supply Chain Attack,npm,@automagik/genie,4.260421.33
TeamPCP: Supply Chain Attack,npm,@automagik/genie,4.260421.34
TeamPCP: Supply Chain Attack,npm,@automagik/genie,4.260421.35
TeamPCP: Supply Chain Attack,npm,@automagik/genie,4.260421.36
TeamPCP: Supply Chain Attack,npm,@automagik/genie,4.260421.37
TeamPCP: Supply Chain Attack,npm,@automagik/genie,4.260421.38
TeamPCP: Supply Chain Attack,npm,@automagik/genie,4.260421.39
TeamPCP: Supply Chain Attack,npm,babel-plugin-react-pure-component,0.1.6
TeamPCP: Supply Chain Attack,npm,cit-playwright-tests,1.0.1
TeamPCP: Supply Chain Attack,npm,@emilgroup/accounting-sdk,1.27.1
TeamPCP: Supply Chain Attack,npm,@emilgroup/accounting-sdk,1.27.2
TeamPCP: Supply Chain Attack,npm,@emilgroup/accounting-sdk,1.27.3
TeamPCP: Supply Chain Attack,npm,@emilgroup/accounting-sdk-node,1.26.1
TeamPCP: Supply Chain Attack,npm,@emilgroup/accounting-sdk-node,1.26.2
TeamPCP: Supply Chain Attack,npm,@emilgroup/account-sdk,1.41.1
TeamPCP: Supply Chain Attack,npm,@emilgroup/account-sdk,1.41.2
TeamPCP: Supply Chain Attack,npm,@emilgroup/account-sdk-node,1.40.1
TeamPCP: Supply Chain Attack,npm,@emilgroup/account-sdk-node,1.40.2
TeamPCP: Supply Chain Attack,npm,@emilgroup/api-documentation,1.19.1
TeamPCP: Supply Chain Attack,npm,@emilgroup/api-documentation,1.19.2
TeamPCP: Supply Chain Attack,npm,@emilgroup/auth-sdk,1.25.1
TeamPCP: Supply Chain Attack,npm,@emilgroup/auth-sdk,1.25.2
TeamPCP: Supply Chain Attack,npm,@emilgroup/auth-sdk-node,1.21.1
TeamPCP: Supply Chain Attack,npm,@emilgroup/auth-sdk-node,1.21.2
TeamPCP: Supply Chain Attack,npm,@emilgroup/billing-sdk,1.56.1
TeamPCP: Supply Chain Attack,npm,@emilgroup/billing-sdk,1.56.2
TeamPCP: Supply Chain Attack,npm,@emilgroup/billing-sdk-node,1.57.1
TeamPCP: Supply Chain Attack,npm,@emilgroup/billing-sdk-node,1.57.2
TeamPCP: Supply Chain Attack,npm,@emilgroup/changelog-sdk-node,1.0.2
TeamPCP: Supply Chain Attack,npm,@emilgroup/changelog-sdk-node,1.0.3
TeamPCP: Supply Chain Attack,npm,@emilgroup/claim-sdk,1.41.1
TeamPCP: Supply Chain Attack,npm,@emilgroup/claim-sdk,1.41.2
TeamPCP: Supply Chain Attack,npm,@emilgroup/claim-sdk-node,1.39.1
TeamPCP: Supply Chain Attack,npm,@emilgroup/claim-sdk-node,1.39.2
TeamPCP: Supply Chain Attack,npm,@emilgroup/commission-sdk,1.0.1
TeamPCP: Supply Chain Attack,npm,@emilgroup/commission-sdk,1.0.2
TeamPCP: Supply Chain Attack,npm,@emilgroup/commission-sdk,1.0.3
TeamPCP: Supply Chain Attack,npm,@emilgroup/commission-sdk-node,1.0.1
TeamPCP: Supply Chain Attack,npm,@emilgroup/commission-sdk-node,1.0.2
TeamPCP: Supply Chain Attack,npm,@emilgroup/commission-sdk-node,1.0.3
TeamPCP: Supply Chain Attack,npm,@emilgroup/customer-sdk,1.54.1
TeamPCP: Supply Chain Attack,npm,@emilgroup/customer-sdk,1.54.2
TeamPCP: Supply Chain Attack,npm,@emilgroup/customer-sdk,1.54.3
TeamPCP: Supply Chain Attack,npm,@emilgroup/customer-sdk,1.54.4
TeamPCP: Supply Chain Attack,npm,@emilgroup/customer-sdk,1.54.5
TeamPCP: Supply Chain Attack,npm,@emilgroup/customer-sdk-node,1.55.1
TeamPCP: Supply Chain Attack,npm,@emilgroup/customer-sdk-node,1.55.2
TeamPCP: Supply Chain Attack,npm,@emilgroup/discount-sdk,1.5.1
TeamPCP: Supply Chain Attack,npm,@emilgroup/discount-sdk,1.5.2
TeamPCP: Supply Chain Attack,npm,@emilgroup/discount-sdk,1.5.3
TeamPCP: Supply Chain Attack,npm,@emilgroup/discount-sdk-node,1.5.1
TeamPCP: Supply Chain Attack,npm,@emilgroup/discount-sdk-node,1.5.2
TeamPCP: Supply Chain Attack,npm,@emilgroup/document-sdk,1.45.1
TeamPCP: Supply Chain Attack,npm,@emilgroup/document-sdk,1.45.2
TeamPCP: Supply Chain Attack,npm,@emilgroup/document-sdk-node,1.43.1
TeamPCP: Supply Chain Attack,npm,@emilgroup/document-sdk-node,1.43.2
TeamPCP: Supply Chain Attack,npm,@emilgroup/document-sdk-node,1.43.3
TeamPCP: Supply Chain Attack,npm,@emilgroup/document-sdk-node,1.43.4
TeamPCP: Supply Chain Attack,npm,@emilgroup/document-sdk-node,1.43.5
TeamPCP: Supply Chain Attack,npm,@emilgroup/document-sdk-node,1.43.6
TeamPCP: Supply Chain Attack,npm,@emilgroup/document-uploader,0.0.10
TeamPCP: Supply Chain Attack,npm,@emilgroup/document-uploader,0.0.11
TeamPCP: Supply Chain Attack,npm,@emilgroup/document-uploader,0.0.12
TeamPCP: Supply Chain Attack,npm,@emilgroup/docxtemplater-util,1.1.2
TeamPCP: Supply Chain Attack,npm,@emilgroup/docxtemplater-util,1.1.3
TeamPCP: Supply Chain Attack,npm,@emilgroup/docxtemplater-util,1.1.4
TeamPCP: Supply Chain Attack,npm,@emilgroup/gdv-sdk,2.6.1
TeamPCP: Supply Chain Attack,npm,@emilgroup/gdv-sdk,2.6.2
TeamPCP: Supply Chain Attack,npm,@emilgroup/gdv-sdk-node,2.6.1
TeamPCP: Supply Chain Attack,npm,@emilgroup/gdv-sdk-node,2.6.2
TeamPCP: Supply Chain Attack,npm,@emilgroup/gdv-sdk-node,2.6.3
TeamPCP: Supply Chain Attack,npm,@emilgroup/insurance-sdk,1.97.1
TeamPCP: Supply Chain Attack,npm,@emilgroup/insurance-sdk,1.97.2
TeamPCP: Supply Chain Attack,npm,@emilgroup/insurance-sdk,1.97.3
TeamPCP: Supply Chain Attack,npm,@emilgroup/insurance-sdk,1.97.4
TeamPCP: Supply Chain Attack,npm,@emilgroup/insurance-sdk,1.97.5
TeamPCP: Supply Chain Attack,npm,@emilgroup/insurance-sdk,1.97.6
TeamPCP: Supply Chain Attack,npm,@emilgroup/insurance-sdk-node,1.95.1
TeamPCP: Supply Chain Attack,npm,@emilgroup/insurance-sdk-node,1.95.2
TeamPCP: Supply Chain Attack,npm,@emilgroup/notification-sdk-node,1.4.1
TeamPCP: Supply Chain Attack,npm,@emilgroup/notification-sdk-node,1.4.2
TeamPCP: Supply Chain Attack,npm,@emilgroup/numbergenerator-sdk-node,1.3.1
TeamPCP: Supply Chain Attack,npm,@emilgroup/numbergenerator-sdk-node,1.3.2
TeamPCP: Supply Chain Attack,npm,@emilgroup/numbergenerator-sdk-node,1.3.3
TeamPCP: Supply Chain Attack,npm,@emilgroup/partner-portal-sdk,1.1.1
TeamPCP: Supply Chain Attack,npm,@emilgroup/partner-portal-sdk,1.1.2
TeamPCP: Supply Chain Attack,npm,@emilgroup/partner-portal-sdk,1.1.3
TeamPCP: Supply Chain Attack,npm,@emilgroup/partner-portal-sdk-node,1.1.1
TeamPCP: Supply Chain Attack,npm,@emilgroup/partner-portal-sdk-node,1.1.2
TeamPCP: Supply Chain Attack,npm,@emilgroup/partner-sdk,1.19.1
TeamPCP: Supply Chain Attack,npm,@emilgroup/partner-sdk,1.19.2
TeamPCP: Supply Chain Attack,npm,@emilgroup/partner-sdk,1.19.3
TeamPCP: Supply Chain Attack,npm,@emilgroup/partner-sdk-node,1.19.1
TeamPCP: Supply Chain Attack,npm,@emilgroup/partner-sdk-node,1.19.2
TeamPCP: Supply Chain Attack,npm,@emilgroup/payment-sdk,1.15.1
TeamPCP: Supply Chain Attack,npm,@emilgroup/payment-sdk,1.15.2
TeamPCP: Supply Chain Attack,npm,@emilgroup/payment-sdk-node,1.23.1
TeamPCP: Supply Chain Attack,npm,@emilgroup/payment-sdk-node,1.23.2
TeamPCP: Supply Chain Attack,npm,@emilgroup/process-manager-sdk,1.4.1
TeamPCP: Supply Chain Attack,npm,@emilgroup/process-manager-sdk,1.4.2
TeamPCP: Supply Chain Attack,npm,@emilgroup/process-manager-sdk-node,1.13.1
TeamPCP: Supply Chain Attack,npm,@emilgroup/process-manager-sdk-node,1.13.2
TeamPCP: Supply Chain Attack,npm,@emilgroup/public-api-sdk,1.33.1
TeamPCP: Supply Chain Attack,npm,@emilgroup/public-api-sdk,1.33.2
TeamPCP: Supply Chain Attack,npm,@emilgroup/public-api-sdk-node,1.35.1
TeamPCP: Supply Chain Attack,npm,@emilgroup/public-api-sdk-node,1.35.2
TeamPCP: Supply Chain Attack,npm,@emilgroup/setting-sdk,0.2.1
TeamPCP: Supply Chain Attack,npm,@emilgroup/setting-sdk,0.2.2
TeamPCP: Supply Chain Attack,npm,@emilgroup/setting-sdk,0.2.3
TeamPCP: Supply Chain Attack,npm,@emilgroup/setting-sdk-node,0.2.1
TeamPCP: Supply Chain Attack,npm,@emilgroup/setting-sdk-node,0.2.2
TeamPCP: Supply Chain Attack,npm,@emilgroup/setting-sdk-node,0.2.3
TeamPCP: Supply Chain Attack,npm,@emilgroup/task-sdk,1.0.2
TeamPCP: Supply Chain Attack,npm,@emilgroup/task-sdk,1.0.3
TeamPCP: Supply Chain Attack,npm,@emilgroup/task-sdk,1.0.4
TeamPCP: Supply Chain Attack,npm,@emilgroup/task-sdk-node,1.0.2
TeamPCP: Supply Chain Attack,npm,@emilgroup/task-sdk-node,1.0.3
TeamPCP: Supply Chain Attack,npm,@emilgroup/task-sdk-node,1.0.4
TeamPCP: Supply Chain Attack,npm,@emilgroup/tenant-sdk,1.34.1
TeamPCP: Supply Chain Attack,npm,@emilgroup/tenant-sdk,1.34.2
TeamPCP: Supply Chain Attack,npm,@emilgroup/tenant-sdk-node,1.33.1
TeamPCP: Supply Chain Attack,npm,@emilgroup/tenant-sdk-node,1.33.2
TeamPCP: Supply Chain Attack,npm,@emilgroup/translation-sdk-node,1.1.1
TeamPCP: Supply Chain Attack,npm,@emilgroup/translation-sdk-node,1.1.2
TeamPCP: Supply Chain Attack,npm,eslint-config-ppf,0.128.2
TeamPCP: Supply Chain Attack,npm,eslint-config-service-users,0.0.3
TeamPCP: Supply Chain Attack,npm,@fairwords/loopback-connector-es,1.4.3
TeamPCP: Supply Chain Attack,npm,@fairwords/loopback-connector-es,1.4.4
TeamPCP: Supply Chain Attack,npm,@fairwords/websocket,1.0.38
TeamPCP: Supply Chain Attack,npm,@fairwords/websocket,1.0.39
TeamPCP: Supply Chain Attack,npm,jest-preset-ppf,0.0.2
TeamPCP: Supply Chain Attack,npm,@leafnoise/mirage,2.0.3
TeamPCP: Supply Chain Attack,npm,@opengov/form-builder,0.12.3
TeamPCP: Supply Chain Attack,npm,@opengov/form-renderer,0.2.20
TeamPCP: Supply Chain Attack,npm,@opengov/form-utils,0.7.2
TeamPCP: Supply Chain Attack,npm,opengov-k6-core,1.0.2
TeamPCP: Supply Chain Attack,npm,@opengov/ppf-backend-types,1.141.2
TeamPCP: Supply Chain Attack,npm,@opengov/ppf-eslint-config,0.1.11
TeamPCP: Supply Chain Attack,npm,@opengov/qa-record-types-api,1.0.3
TeamPCP: Supply Chain Attack,npm,@openwebconcept/design-tokens,1.0.3
TeamPCP: Supply Chain Attack,npm,@openwebconcept/theme-owc,1.0.3
TeamPCP: Supply Chain Attack,npm,pgserve,1.1.11
TeamPCP: Supply Chain Attack,npm,pgserve,1.1.12
TeamPCP: Supply Chain Attack,npm,pgserve,1.1.13
TeamPCP: Supply Chain Attack,npm,@pypestream/floating-ui-dom,
TeamPCP: Supply Chain Attack,npm,@pypestream/floating-ui-dom,2.15.1
TeamPCP: Supply Chain Attack,npm,react-autolink-text,2.0.1
TeamPCP: Supply Chain Attack,npm,react-leaflet-cluster-layer,0.0.4
TeamPCP: Supply Chain Attack,npm,react-leaflet-heatmap-layer,2.0.1
TeamPCP: Supply Chain Attack,npm,react-leaflet-marker-layer,0.1.5
TeamPCP: Supply Chain Attack,npm,@teale.io/eslint-config,1.8.10
TeamPCP: Supply Chain Attack,npm,@teale.io/eslint-config,1.8.11
TeamPCP: Supply Chain Attack,npm,@teale.io/eslint-config,1.8.12
TeamPCP: Supply Chain Attack,npm,@teale.io/eslint-config,1.8.13
TeamPCP: Supply Chain Attack,npm,@teale.io/eslint-config,1.8.14
TeamPCP: Supply Chain Attack,npm,@teale.io/eslint-config,1.8.15
TeamPCP: Supply Chain Attack,npm,@teale.io/eslint-config,1.8.16
TeamPCP: Supply Chain Attack,npm,@teale.io/eslint-config,1.8.9
TeamPCP: Supply Chain Attack,npm,@virtahealth/substrate-root,1.0.1
TeamPCP: Supply Chain Attack,oci,aquasec/trivy,0.69.4
TeamPCP: Supply Chain Attack,oci,aquasec/trivy,0.69.5
TeamPCP: Supply Chain Attack,oci,aquasec/trivy,0.69.6
TeamPCP: Supply Chain Attack,oci,docker.io/aquasec/trivy,0.69.4
TeamPCP: Supply Chain Attack,oci,docker.io/aquasec/trivy,0.69.5
TeamPCP: Supply Chain Attack,oci,docker.io/aquasec/trivy,0.69.6
TeamPCP: Supply Chain Attack,oci,ghcr.io/aquasecurity/trivy,0.69.4
TeamPCP: Supply Chain Attack,oci,ghcr.io/aquasecurity/trivy,0.69.5
TeamPCP: Supply Chain Attack,oci,ghcr.io/aquasecurity/trivy,0.69.6
TeamPCP: Supply Chain Attack,oci,public.ecr.aws/aquasecurity/trivy,0.69.4
TeamPCP: Supply Chain Attack,oci,public.ecr.aws/aquasecurity/trivy,0.69.5
TeamPCP: Supply Chain Attack,oci,public.ecr.aws/aquasecurity/trivy,0.69.6
TeamPCP: Supply Chain Attack,pypi,litellm,1.82.7
TeamPCP: Supply Chain Attack,pypi,litellm,1.82.8
TeamPCP: Supply Chain Attack,pypi,telnyx,4.87.1
TeamPCP: Supply Chain Attack,pypi,telnyx,4.87.2
TeamPCP: Supply Chain Attack,vscode-extension,ast-results,2.53.0
TeamPCP: Supply Chain Attack,vscode-extension,cx-dev-assist,1.7.0
UNC1069: Axios compromise,npm,axios,0.30.4
UNC1069: Axios compromise,npm,axios,1.14.1
UNC1069: Axios compromise,npm,mgc,1.2.1
UNC1069: Axios compromise,npm,mgc,1.2.2
UNC1069: Axios compromise,npm,mgc,1.2.3
UNC1069: Axios compromise,npm,mgc,1.2.4
UNC1069: Axios compromise,npm,plain-crypto-js,4.2.0
UNC1069: Axios compromise,npm,plain-crypto-js,4.2.1
UNC1069: Axios compromise,npm,@qqbrowser/openclaw-qbot,0.0.130
UNC1069: Axios compromise,npm,@shadanai/openclaw,2026.3.28-2
UNC1069: Axios compromise,npm,@shadanai/openclaw,2026.3.28-3
UNC1069: Axios compromise,npm,@shadanai/openclaw,2026.3.31-1
UNC1069: Axios compromise,npm,@shadanai/openclaw,2026.3.31-2
